-- phpMyAdmin SQL Dump
-- version 4.1.14
-- http://www.phpmyadmin.net
--
-- Host: 127.0.0.1
-- Generation Time: Apr 20, 2017 at 08:56 PM
-- Server version: 5.6.17
-- PHP Version: 5.5.12

SET SQL_MODE = "NO_AUTO_VALUE_ON_ZERO";
SET time_zone = "+00:00";


/*!40101 SET @OLD_CHARACTER_SET_CLIENT=@@CHARACTER_SET_CLIENT */;
/*!40101 SET @OLD_CHARACTER_SET_RESULTS=@@CHARACTER_SET_RESULTS */;
/*!40101 SET @OLD_COLLATION_CONNECTION=@@COLLATION_CONNECTION */;
/*!40101 SET NAMES utf8 */;

--
-- Database: `cseku_wpl_2017_education`
--

-- --------------------------------------------------------

--
-- Table structure for table `tbl_club`
--

CREATE TABLE IF NOT EXISTS `tbl_club` (
  `ID` varchar(40) NOT NULL,
  `Name` varchar(100) NOT NULL,
  `CoverPhoto` blob NOT NULL,
  `Description` varchar(300) NOT NULL,
  `CreationDate` date NOT NULL,
  PRIMARY KEY (`ID`)
) ENGINE=InnoDB DEFAULT CHARSET=latin1;

--
-- Dumping data for table `tbl_club`
--

INSERT INTO `tbl_club` (`ID`, `Name`, `CoverPhoto`, `Description`, `CreationDate`) VALUES
('{6999FAE2-6385-40D0-AB68-7B69C9D538A9}', 'CLUSTER', 0xffd8ffe000104a46494600010100000100010000ffdb008400090607131312151213131515151717181b181818171e1f18181b1d1f161d191e1817181e2921181a251e181821312225292b2e2e2f181f3638332d37282d2e2b010a0a0a0e0d0e1b10101b2d2520262d2d2d2f2d2d2b2d2d2f2d2d2d2d2d2f2d2d2d2d2d2b2d2d2d2d2f2d2f2d2d2d2b2d2d2d2d2d2f2f2d2d2d2d2d2d2d2d2f2dffc00011080088017203012200021101031101ffc4001b00000300030101000000000000000000000304050002060107ffc400511000020200040303060b0407050606030001020311000412210513312241513252536191d3061423427181929394d2d46263a3e115243343a1b1d15472a2c1e30764b2e2e4f082a4b3c2c3f1163473ffc4001801010101010100000000000000000000000201030004ffc4002b11000202000502050501010100000000000001021112213151f003416191a1b1f113223271e1d181c1ffda000c03010002110311003f00f964aee476626bf5b0236e977b903a81d2fade3dcbc0b1c7248d281291d925756b37da553fe6fb8ee1d0df904799795c397882b1d4371a7bf4a83eaf60c352f0e899ade462dd37992c57776858fa0818d92bccf33696443cbe65d1b5abb2b1bb20ee6fadf883de0f5c3c733181ac29d77b4647c92b77b804efea4ad8f5b000345780c4e0f2d8ea1d3b6ac2fbac20b17e3fe7d3125724e5f95a7b7de0f777924f40b5bdf4adf1d4d0b14642b2665cbf30bb1714751249dba6e715b3510658e48a60d2695b60348d55e430e81a8503b06008ea376a4e050a50773aab7f9444bee34ae2c0b0477f4de8da8d60e1d12b7c9c8e18edd9992cfaa95493d3a51c5c0d6a17d48bd05d25703fb2606ab67000f50efd37bd126af6c0df30fe649f6ff9e3d519a49d55754c492557721c0166c29ee1b917e041208241c51258cdac8590d6e1af493dc4f7d1b17e20f78382f412ab0893b798ff006ff9e0c2763b72dcfd2e0fd1b1b07ebc4acacb33b05566bfa761eb38a7c41730a1150315b204aa49e6310a48d5d3b3d2874ed6e71c9e456a9d1e43976771cdb58c1bd3aac9f39dcdf4ef66357b01dd4a7179ae565597988a48460ba411b745eee807d0a3158e47b016699cdf5f955552763b061daab1bdf78340104e47c232e7e79fbe8ffd3170b605d449db10cbe74c94b248c1c79131636bfb2edd4a7afaafd1630f8c8c9203201a668dc09156b51e8448a83bcddedb3558f029f15e14d0b779427b2dedd9bd7b1fa68f421829b8667482a0b0565da390f451e6483e7427daa771de31cb5a673cd5c47b3d951310d13332d5249a1b4b81d55d6353ca9149f001810763bb1b299611c7136621d796336879a33dad4351645b08c2403b98e9a51d9bdf1e67723cdd5242a5255239d083bd9e8cb5e55dd8236606c6fb374fc2785e525e1b2be6967f8e2ebd3d990312368c851d990d690588276dced8d30bb32c692396f8e65c5f2924426c06165c29f0d52b056236b1bee68e358f833b0d48c594f927953ee3bbc9888bfa091eb383f0ee121073730ac1410162d275c8c7a284ea6fb877fa859c319ae21db3ad9b577ac453427705d450f31801bb0a17b0d80c54b72393ba898dc265825e510f344c10b98e390aee2cd5a82244b3bd7ab7b2b82264d203cc3a99890224df56aa1605a83ac31ab2a348adb9840400e22be337da8fdd6091b34875461f591a7992303a57a698f4a8d376458b3b9aab3772ec0789ea0735996527b40cc45315f2615f471577f505874dc02496633717f85f088998867b0a12f48275335f6534f5200e9d49fa30ff000fcb42b7ad846431b5d04480776a04dc763ceafaf12ac5892d089c07886632d289b2fa83815e496041ad88fa6b03e299a9e795e6975176dd8e92078015dc2b1d8a24201d2a2c0241e51034f5dec006af721ab63f4e0198d2ab68f0c8456a54203769036a408ddb00960475b53ea18b8498b3d0e3f87ce239a3774122a3a9643d180209071d0f1bf85714b989268f288a1a111c61fac2f64f3502f643d9ff00846fdd8f652a02891ab50d42d2d0ddf92cc2d875da874200c2dc4385206000a2de485a0d7b0ae5f7106ec52d6d64de256c5b4f52547c31f96b9894388598856bde56176a84f4360db1d851ea681a5245a124d71ff59057e2ec25558a1504871ca95958b6cda58836486bbed14737939954231728a58aad92aa7e710bd05f7918725e2d976846acbdcfac9660230852b603988ed60fb0743400c72aee736de682f048065d1732b9880e609911a19552455422b5df3002c7e9effa6f4c8e5522ed66395246f1b88fb1046356c03ab0075e93d474df7c239cc82c8a248478f640ad542c80a365940dca0d980d4bb5aab397e3c832d023cf9a324329d31ab288395b369ec90cd6451b3d09aac7648ecde66347079d17ff002beef1aac109340c64efd065c9db73416324f4e80138ccdfc248ddd9b4caba893a564902adf701ced80c2cdc7e3fdf7dec9efb16e3b92a5b059d51090191483b80f0a6e2e8f642d116776074d92175560456bfc05015d3b40056e943b415bc91f2926e40c05b8fc7fbefbd93df625713e281c694b55228d9dc8bbd3d765bed1dc963bb13428ca491a46127d8df31c615490a350ef20800f8d5a9661fb4c6d8d9dae82cdc6bf60fda1f931463ca65a458a42b1451b765be5c97057ca6d048d8f85e345cbe594da95b1d09743f5d1948bfa41fa0f4c0a96e689c3662fcf97622171de371f57cdc01e492f789bda3f2e3ccdf17ed108a08f125b73de400c36f59b27a9eb4173c51bcd5f6bfe6c06d6e3517b0ea4b2f4113fb47e5c64b9f74ad5130be9646ff00f0e135e2cde6afb5ff003e28653391caa43e91d2c13d7c28b30badfab58276b562a2a77a339aacda049c73f60fda1f9314b219b590123b246ec09a22ba1d4a0764773d5a13bda9340f896574b10cba801a54c8a031bdfb4243a76dfa607c57442d1a4611254ed3491ca5c36aa2b57d081b11ebc2cd66c0f0cb248ad55b1efb5a362fbca72d7cb364130dee58143a1d80d66add9880372493b0f9ac4b2f5bf24b2f5fece3d8138521e39185ed2b035442b52d780a75b4dcd2b5e9d440db6c4ecf7110ec2c5c61812b6017aa07515e86bb200d946c3bc94e4a82a126f337938c0e810d775951ff00085a5fa074c07fa5acd08c927a0047e5c569721962da98451a3a6b40b3ea617e4a302568f8efb6178d608ed94a835d4b0343beaa427d82cf4b164e0352dc49c7601ae5f42ded1f9719811e34bdd1923bbb647f82ec3e81b63312d6e2c2f6e799d139910cad2056440aee51c372f503a29cdbc8c4ee6c8eedc6c42994cd4edca935288a4942694ed489bd0b1b017ddd0780036c72a8315f81ba26b69118ab2940d479618f74b5e52f7d0dfbc6f44253b0be9d23a2c8e7d44e63cc4ba2160e6394a31f26fb2c8b7da27b246d47aec68d67cce5043cfe73598e337ca3458b36a8c383a8bad6aabf5ec7b620b461c15604d9162c5d91d8edf4e65791279320ecb6f85bfa2a5d3cb2d7107d634adb92401b45e5eb228693b03df5be344e48c5c62f5c8a72e74366b950cbab2eacabcd5520b960348446aa6bec815d149d9400b364cfccaa6672862e6140a769586fda0bd081441ea2c11832c60000001406a01bb20747a907cdee9261bb1ec26d88dc79d1dc491a48232a14330a0c5763a36a0bd3b23a7ab064da438453745ecc73490e9a51794f247aa4d3ad2bcb122d389149f24ec43117bb6a432798e6c2a5ca13ba9515b0eb6ca2aaec9fa8f40068e65c61fe043b4ffee7ff00726063b668fa7512d70fcaaa6c085df7663b0ff7891b01d371fe7dace1b9b9a54328d15cf015750b2cfd1046dd80acc6d9eafaf51b614e2e3e4dff00f8bff1418e7d0639cb0ba3a30c4ad9d8bcf2b4c72f1688e455edeb7ecea03b4aa6bb46c9ebe26be733ec7884c208e50496ed9911974f6558a92841ba154dde2c1e98e56088b3050a5893d00b63e343c7ae3af4cca4875441c0d40004fca07aa164ecb31a3a58f664168db8c28c9b04e2a34578e6c9ca8c8263213146da044dbb310193bbc8144b2f4ab154ba39ccf7c1e91647483fad2213db82e4515d43141dde3403777781b9e1cdac49085dec153410821958a87d803b868cf690f4daaba6f819c773790e7d4114bce3a896951486deced760df4db09a72d40aa3f8bff872392ce50018b02a08475019954f54656203c67ad13d93b8ef05b5ce0f4aff008587de63c93844eccce552d9998d3a559249a1ab6167029f87c918b602b606995aaeeb569274dd1abeb47c31c93456e2fbfb0c499ddbb2cccd446b6554d0a7ca11a23100b77bf5236db7b515718a31572502a2f35eafe6af5afda65bdef7a5efadf6bbed48e90c709e09aa9e420203db27c91e0b7f39c920691f5d12062c661009c45196210a87361342e936a18adea3bb74dbd62c8472daa36e7731a48ad8ab46a0956237628db452aa8d567c09048b27a5ca71e8802f0c6160816f5494d39761bb106f539660059ed30624d0ecbd119d36f300b9e89622ef0ba538d19768dd235634564cd4e57b6402ad57b023627b41bf823c1a3cf333b00d1c2e07310b2895c0ba0ba8d2af64f5e823034804128946c525956494058f44d282aeeaed09111411cd0b32152e35ee49d677214caf3a6cda492e624cbe53b2bcf2fc959d5437697c9594c8413b034ac2fa0b0e468a14133f97d2d30ed952e56378f51509cdcb2aa50f2d8de92bb9a8a4f3b143e0bc5955cb3b58691a7314c09d323932154b5720ab00438e8410db83ab133fa18ca667c9c8d2450a4f3eee5d65666708a50f6753461ecf94756fd71d6fc13f847c3c64e3e7cd971210c64074ddb3316b5036bbe982dbac86a29bcce278dc19a668a1cc908ccdda4e5c65cead74e0212d20ec0d4a8776343b5540c9f0f91c3f2d32e791a90cb1c9ae34356ac8846a342d75396dc1e94061fe39f0917333c7968a33208d9e3496272d24b1b8ece952a29d488d836af2a2bb164e2867b3d324f0cb998db292941cd915454b1a9559d6553a909162457dc00fa3ae15bee0c2bb1c94729e608731190e76a506dfc348d8d9f56fd6b71a709f18cb42f6c842b801988fecc93642961b24840e876276d8ed8ee78dfc13393d32e5a47e45a892326c7cd00961bf288d980f05eedd797cbe774c4e0411b3c64996940b85cdd2a8f2550b53230341baad76527680d34ce56099a326875ad4a6e8d6ebd08208344302083d0e2d64f3ace15df94b19902b132b86036d446a90296d3640bb3e15be3ccee52396f962884d495d1e31dfbf47520865f1048bdef9e923ea0fd18eb712d291d4e7f390731c4332b460f6497164775ff5a1fe43e8c28d9d4f491fda1fabc0b8bf10cdcc44d2aa9011416582360aaa148d6749d074b29a623ca1d31bcf9411cb1661215934d372a44ec4d40eaec695a714494d22ead41a618ae4c0a2b706d9e4f491fdb5fd5e02d9f4f491fdb5fd56348f2d2cf1cd9a8f2b97e5238d55d90a5cf64286906db81b7ab083c527fb3e5fdabef7071334515ca1d6cea7a44fb4bfaac05f38be913ed0fd4e15923664e5b450443506322d1702ab4a80e4b13dca3a9f0ea3d781176a550363a845b1f35a49149793bd82ecb607ab06d8d246cf9a5f3d3ed0f7f85df30be7afda1efb18c23f18ff0081f9301611f8a7f07f260b634869332be7afda1eff00074cdaf9e9f687ea308288fc63fe07e4c19445e745ff00cbfbbc7264687d33abe913ed0fd4e0cb9e4f489f697f5589936494ee02abab0f282aa93d797285a5048f25c52b8db63d0b373198b7c5b2cb66e815a1ec930ad81a45319f4f491fdb5fd56346cf47e913edafea70808a4ff67cbfb57dee04f0cbfecd97ff0087dee1393228adfd87df3a9e913edafea3007cda79e9f687bfc2d2c064e5abc31c7a7500b1150f3126e8d31a02b773b28bfa31bba4600be50be9d989548f140ea5997b831eb44e0db1523df8d2f9ebf687bfc7b807c978c5fc1fc98cc4b2d1082d1ac5be13990623966ba66d545a831a00004ec920ab56e84ec763873271c92cbce7cac2f16aa71172bad7404b1a3d0e185c8b7fb12d7ffe90fbbc48c5a14e69e5ff00a8572b1c89d9a59145852648d1803e52b24b66afaa329018583de5f39b96ab949f7f96fc986e37ccfa07fc447f931bae6a7bd3cb3abc3e3315f71e9a2fa107eb1e38d52aeefc8c1cafb2f3fe9127864948520469b58492391dc8d9155633dc3655a0abb93e38478ce7432240be4c6c48d2d682c6eabe7f8993e7126b6abe9a66cc90418188228833c4411df6346f844645b50d5925d362ea486ebbebb03bbd630651dbd8719ef5e6bfd38f8e12ecaa3ab100776e4d0dcf4c74f92e02d12bd825ecab503a6869274b510c0122cf5b1d36a935ccc72c2e64196cbac6c5c209795d08aabd42d803844b69cbac68ff002ba9ac99e331aa9f46bafb2c7a1357d7c719a4a3a9aca4e5a32bc5c3c4c0ad120d825413b9de869bdee3dbaf927f6ab99e23c31e129aa8875d484752a7a5af553ea386f8113138e630e5d927973461d4d100a36b1a4f71f117eac1b2492b2f2238f2f212e5812d1b4a76e84ebdf6df1cea4b4395c5eb908f09cd72a5497b5d9bf24d36e08d8f8ef7ebaac576cb9d5cd88a1d77a831023941f2bcb200deb54776a68aed455df891d295925d5a7b67542016f151a5b6f661acac73a0a4cb6907ae99a217f4d261c63d999ce7dd7ba01166e51fdd2fac9cc65893ddda6296c680dc9276c3099d97d127e232beef076cd66145985bd406623249a2695425b1a0761676c289f098f9aff7abeeb1a5a5ddf3fe18d37a4579ff00467e3f2004f241a049d3365d8d0ea74a444d0ef35b0df1432f9bcb68491c4cca5650ee150aa9200443193b592a5811a356865009385e1e2113c665926642012880ea7320bd2015ad07a112e9016c86d61ab0971966275a88d229a8aa44a523ec84feecd853e493448d43aec315bf10a8a6e9aa14ca44598be9140de9e8be3567a2800fd43d78bbc2f308b2365a6849563a48aed8f6edd7a1b006ad449d20e121953f176a2005297b6eeedb955fa1749fabe9c50ccc016062a06aa8d2f482e40445721ba88c81a76d8e963f38e25509bb1ac84b94b58ceb10b336a648d98b1ada24256f535aaf4d948bb2d63a16e0395932a913b14cc31e6b43ad20903300a8344c8032a2daea007f78c2cb118a5ff661c30b2896484a08bb1186bd45ebe55e881a772c0786a61bd0c45f86d99d39d8924feb1222152fd90ac5de4a558d2ab46a29bbdeddc459ceedd2354aa36c63e10fc1c932e3e34d3bcf34cbf1781191448a5868b0d1b95a1107aa0002e0f5c64d1267a4960ce4d1c2f9256092c7d95655ecb0e5b9ee6553a96aeeaba6019cf82472f9a890bea692391cc70ba23a9bad11897693a8a0402fa1ced58972f025e7d4b3010b207596b416528fa0052291872ca693545686397ece76bb1f65f82b9c926c9e5e59542bbc6acc074dc75aeeb146bbaf1f2cf84b99926cd3675d544796cdac3cb02c9546662c7cebd0d7f4d775e2bfc1ff008319dcd84cd499c68745ac3a01d82f67b2b6a117b354459aed639df85f91cc65f32e9338935dbea41a43ab16d5b0dd2cebb00f79f1c484562d45d49371568ea7e147c2acab470e632a3e560984881a3281d0878e4d2580d4bdaa3a6c835636bc47f841ff0068299a3020834287b97510c5908d2e8a00dc51d575d5176c741f0cf449c1a195628c00b032800d441828f93a22ab556f7b5e390e19332a40af989b2f1289848b112923b29122aae9a25dd678c0bee5c7462ab43a7295d5ec30dc678947963968a12f0c6aca267858968f7d22da91e94e9d94dd77e0107047995e58156348cae875091911344aeacaea0348e2e9d652436bd8a90487f8b6460b669238a39a25d751e75a4cdc3a46a05926ec4ac362ca181ae97b62673512249f51552490a007545984a1e278752f3610e26406c106ebd7530b44acfcbab951471470bac85ed5cf2f753a9812018d4840ca176a3dc40b8bc4b22c06b0a747646ab5209a049ec9aefdbc411ebc752d0c45630a394c046b149295d39908a9b4944fc5d9c0a06e8a800ee01c2bc4c2bd392b273400bbd3e86283511ea760ba4f4db7041ad2accae9927e0c66579ac255121e532445df78998a80620c689a3e4778dbc46092bdf6895e964eeab41ba93e52a0724ea3db8242755a9bc43cc4544a9de891f4e286473fa8d313aeec35805c8140ea6d84c06d6dd990761f7a3889f62ca3dd0de44245981348a590ea59e3ec2194106c5bf6239812ac6880e3b48772313669dacd44a059a1f19caec3bbfbbc5c890a74d3d2b6665a03a00392484049214b369b201ac78f2bf8ff0015bdc6161f10a9f859ce19e4f475eb199cb03f532c6083eb18959bca4ae46d180052a8963d2abe03b7f5df526c9b38ec9e57f1fe237b9c2d9f6691153514d249d492b0637dc4f277181285f7348f51a7a238b6e1927ec7dec7f9b016e1b27ec7de27e6c74cf926f4d37dfb7b9c6f916685c359928f4924661dfddcbf5ff80c65f4d1bfd57591cc2f0c93f63ef13f360cbc324f04fbd8ff003e2e1cab124f365166e84cc00fa072b6182a645bd34ff886f738aba688faac4b27cd5001556a14a44f10217cd3a8b074ba2011b11b561c49a4f44bf88cafbbc5b7cd331ba03602848d5b0af438dd257f1fe237b9c6aa1e260e77aa42dc2f35185984d972ec52a22b99cb765f7dda9576e9dcdd3a62734b2fa11f88cb7bbc5f12b78ff11fdce04eede3ff001b7bac2c3e2052f0473d24b21047246fd41cc43a4fa9822a965bab162eb123319199d8b3692c7a9e6c7ff26d87757763b2773e3ff1b7bac27c494ca54eb74d2a16a39580357b9f92ddb7eb8ce50bee6b1ea53c92392fe8c93c17ef23fcd8f717be227d34ff007cdeeb198180d7eab358f288068d2e05d95d542fa591cfebdd8f5b2d1a825a2cc281d498e5007d279b588d36425b602193bffbb6ff004c74b265184acf69e550d31a89149d87ca69a24f934e74b5e93d410a39f604b2ee239b814a03106dcc546dba3f39770cc40ed46a2efe77af1b983304fc5f50d803e52ee090146bea575beca4d066baefc30620371a5681de894552698329ddb2c5ac329ed44dfe3b876b2badac5dc4cc758a04912e606e72aa0ea07576830a17da0a83623968e2e52c920636ace4db5d6b48d69432ed6c77bee38dd72b1b515873041e87972e923c75736abd7d30cac5acf9c1b49ed27f69dd1b3463a47b5459715aab53528c692e519b5ba9421a3940ec0691c94717ce2b6ec5b6b53a4f45dab12bc0ebf117972b19014a48c0590bab56e7ae95139dcfa86f8066f29098046b959d25e66ae6f2dcda5568d05ebaef778532391944b19314800910926360000c092491b0c30dc3e4f3e1fb84fc983af634d1fe46bc172514726a9b2f3ce9a5868e532ee4503a95af63bd619cb651148611ca8c3a12190faeb54c0f7f778e165c83f9f0fdc27e5c7bc47252698c05d741acc71d0eb7548281c44a968736dbd47464e3ebc99dbd68aee3eb2931a3826561819f4e8704346183eb42033a21eb21a23583b8c2fc3787c9c9208119e613f2b086b1a546c24535f48c5078056e13c92a6c1d1a411a91c1ed084350dfb70b57cdd271a25e06727dac9992599139a4766f4bab1eb4402196ec5350b1443004511787b370c720e72b84b34c581a24d9edf2d4e99363bd05716db3065c1486f26c937a0ac876735fd9662a809a80d130ad400dc11d9502988eb4b68cda32b8dc1ef8e65154dd9b045793628a90b2a8ebb767b1640b5f2dd24237d29af511df41906aaf0166b7aa06b58968ee3a75fab17f2df04a76cb367e1d261018d3d17a1a95c152ba5c7943f68770bac47818b3333592c1c93eb209b3f5e2d12ce9334802428cc142e9919bb86b1200d5b9a52a8a0f76a167bf1ee5f884ad39531bbb078dca2ab063cb68dd81435b685602c5f41d09c498e32476c8679b96a1755b68255ad80b2be4a003ad13b6c31d77c26cda398f2c5bfb47d5213b10a0daa02e484d6fb934a3b08c57c53024769c4be1fe522cb99619566908ec20bea7a732c7607d344d6d8f9af128a2f8bc6e1d5f30f248d3481ecf68da7641f51627620900f5da9ac12c71de526312a273640246219a42ea10b22e9751f1765567a525d4024b8bda5ca67439593299799b532ea30c76c574eaa68b4311db517de5801676c08a48d24db54749c4b85b7138b299ecb85e7a9559816d20153764d58d2c0d6d74e0f70c73398927cc4da150c2f199cc9da3481a69243a881d15a40a281248046e461ee079a9e264395a839b16a9502bc8bab992c6852372cfac841dfddf5628fc16cbb862c4cf248d985769223e52f2d9a332f7f2d999f6e963bc63bf1b3bf2af1d46785fc6f25118f2f99cbcd44d45246c298b32911bea164c8a569a81623a1617cce738d3667322492390b3c46178d3ad9575f920412373ab49bdf56e71d4c4d28885b7141fd55c9b525eccad57da1f2c36a1e6d77626e7d1227cccd46d8b16ee63a465c3212a6d35cf3f6f49e91917be2c757b925a2ad0573cf2a65cc2f1e78c080029cd874a80411af440cca0103ca23124de6d254892994c0c89ac162a91985c9621431a11126874f562ecd90cc65920cc4cb0ac521550618d125cbea160a3220e805952594d1041bbc4ccef0c8448dcc0ab601d206c1d5e58a511a99169799112373419462aa0bbf9176130cabe4e66ca46ad289754b3a19036d7423666debae9bdc8efd8705085b2a93249fda34ac56448a18e97b4c59433e96dd469f29c7535867ffe512e50b41974810212357281941ea43b162090491f575385f34cd224f24d30779932ceefa77541222b5a2750a5a2e95ba1db6b3299535db9cfd039e43088e31244f1c32c7cd7e59e6463582a591b668e8d020b03606c585a7c43878841592678a16d2cb17f785a85b04eb1c61b7b60a48036ba3833340f988d2367955e0585d8ae8ed01cb2da6dac08d54d13d68f51588dc70ea91653fdf471c87fde234c9fc447c5447a88710421acf53d7e90486ff881c032b1a16a918a2f8804ff00903fe5dd5b5d86b3e7656aea2c9f134037f883ed382fc48c45959619091b6a95540f287472af5746d74de95a62a4dcaccb7481e478009a39a5493b30852fa9117ca240ad530be8708c9c2a31d665fe07ea7077cbd91f239427bbe5ff00f538d61ce4918658fe2c818a96099b2bab4ead3759bdeb537b711a5dd7b8949f67ec22fc323f4cbed83f5380bf0b8fd32ff03f518aa33b2e92cd246aa08163313bd93a88151661ab653d6b036cec8412922369abb9b309409abb9660bd6bbef7c4718894e64fcdf034434651d2f758d7bc8e8f302770771b1ee270a370c4f4a3db17bec506cfcde317e2dbf5380b6766fddfe29bdfe0351d8d14a7bfb0baf0b8fd28f6c3eff0d1e06814319451fd98c0efe8cd3056e9f349aefac7a99e9bf75f8a6fd4618cbe6e7660a0c564803fadb753b74199bf662a51d88e53dfd85d78647e997f81fa9c1e3e191fa65f6c1fa9c30bc4cf5e7a7d3ab395ff00d4c18e7f311b91ae20c8d5ff00f71c5107c0e6c11b8ef1849440e5302bc213d28fe0fea3037e0e9e997d917ea305ddd998a6519892cc7e3164926c93fd64f527afaf065cdccaa11790a8092146698005ab51a199ea687b31696dee4c52dfd89afc1d3d32ff000bdfe06bc1109004ab64d748bfc84c49fab14e4cf48a0179235d57a6a4cc3d80689b8e56037daaef6c064ce4a46a478d96c8b32cc94451aa96617b11d2f11c625539ee2c3e0cf8483eb541fe0d2023e8201c6637f8dcff00bafc4b7bfc798950d8b8ba9bfb131332be863fb52fbcc598f2c8424996ad74032d1d2c48ed4655d89df7a04d3d103b4378e99093f63ef63fcf86f2796991ad421bd8832c54c36b561af71d3d636228807063fa1cabb3f52ee4f32241a8120823bc6a56f246edb12476559b671f2726fa5b0c0c99283a68d5a4269b4b06c6c7e51d3513a72edd240e0ec84e17cfe45d64256b9c2832d86d7a87912773330ba35520be8e08237e24a52c0d4cdd9e5f6cb92405d2c7a32550b1f28e02a134093b7ecf355fe3ce6e7b9ecd2a0dbb65ef4adea3296d98965dd958ecce28c84684a40494731948d51e4cc1d7337920de92c3628396cbb2f42de4a90147438a5c3f87b9666243ce5589ed05f24532a30a02b65675d97c84e8ccb03359695db5372ef61b4b10000e81407a5503a01832d3434855d262926657d0c7f6a5f7981230660ab978c93d00327e7c19f87bfeefefa2fcf87a1cbac6b4298b0b24d80c01dc93d572e0fd721a03b80ca8ddb4be49b347a002f97400f436f5ed1275c6479841fdcc7f6a5f798a8b18a2281ba0c19447aaf750ea368c9ea920e97a4ed841f871bec1523f69d11d7c55d1d81560763dde18e6b62295ea3dc363825d4ae815cd08c2972589bb00bb95d436a53e51340826f14b259964611b9b268a38342402d4769bc9900b505878c720af2612f0f93c23fbe8bf3e3a1cb651e486e60a4170a0891199dab622988e750037352000353056c385ec67d4adf9ce6ce2e5b56c00234b0a2a68a2f948c9e518ec505f2e172a05a9538d6684abb0b0cd7cb3a8ed2742229ced5250063976b0079247616ca661918239b268a38342402d4769c76645dd4161e31c834f92eba0af9a0692bda0420507b48ea7b4210d408f2e06adf4956c6a60ed3e739b837e29988a0682399c65998ab21ab4637aa3936b5377d28351d81d4a14c8481751ba35b7d3ddfe358ad99e210c21d55656cc82abcc663a394082124034991fb2a755510402585869dc10d495e2ac07b313b9d7f6d95e2ce2461527844c18bbb302564075b2da38f5274fa31632b2223958e3973426cba3a2488aeca179a8aafd74c62d5b52f9aa3bef1c9e6e52c2263b931fff00925c74ccf185caf31ca269ca99085d5e4aab206160e9ed4c6c59b0363dd59cb21e863cec64086159556384550695088a25954c6adcc4d4410c197d628ef8d53e171d4bcf88fc982840602ffb20e8e8ea5486311d562c1624104616e1d9987424b9955969a48d4e9d442da3aa906ba7ca57809506c3a1327c62a192657299ad31c6d477740c0ebb3d5b4a857beb4a7ab1c14b743bad18f64339c99a29a4473024100934007b4c8b22f944747954ddfce1de71b70bca6795f9bc8d61c2129a940206968ca80faa365d8a9ea3d766e5b6775e526679034af2d924aea22a1b15e500742b6dd9a800db15f8e4b1cd3be5e6d2a5342c3291b27613b12d7588b590dd509ef048092037cfddff0085ccde6b33a7e4787cb1b5820962caa417614800068c8c403b5d58342a56472332c6cb9889d4166ed49d90e25d1ad4c8db2485a38dd19b62cb47cac4787e0fca1dd648f92b1ff68ee291078dfce27b82deab15e3878e6a3395cd450a698d5223a881cc91b9b18d4e7b87828d859ea4e2e14b25cf50b9b79cbc79a1d1712c9564722ee4b2c6c0d48e152983188ca6c80ab4ab42cd1205de39ec9f063c427b0c572d08a79d869d5bb3c8c01d83bbbbbd1d9430bee07a2f845f09b232e49f2c92313a1420e5b8ed2515dc815ba8c0be06b8cf46b9661a72f9648f5c63fbf73ab7908feeed49d3f389b3e18cd36a2db366a329a8a763798f8bc997556c913c3d768a55b322575979606b119f385934491a4de39bf873c3f932a67f2ab0b655d15292b96d61959595681465dac77f8100e3eba063e5bff68490e5b331295d397cc6a79e317a19d4f65c28f25aca93a6b556f78ce12b66dd58d46f9f072f97cb2c91ff0054cb48aee64559669134a6b015d637a532900102ecaeb63449b04cbf028b30baaca470bcd1e91764072ebdb626b6737f4ed587f82716d066d6396824e6445c944e5c94ab44956e5d44a0558ebb74c2b9158cf0d4595f4895998d794d4e7651b92484ee071bc4f24dec739f0a32e80a18e847a6869e9d5b707bfa75c4bcc67949da0887d4de24fcc6515bd0dae80b24d92ef1acc2b04d034a014a3be80077f5f681effa6eea34ea57660549008b1560f422fa83e3892798a0b2cc6f25c4d63951f96a9a5b768b99cc03a368b9476a891d475c19b8ea78cded7fd4e22c920f11edc01e41e23db8189a35c0995b3f9c59e3d01f490eadf2ac40234b83a4b48e2ec8db6faeb65f2532c01d9a453a805023625ba83f3596850f3bc3ae253cabe23db803483c47b705cfb8d74f2a2dbf1d4f19bdafeff007e369e32fb5bdf626c3949240c634670b5ab48babd85d78d1c68fc3a6f4527d83fe9898a4250896138e278cbed6f7f86f29c7a30ea499683293bbd558bdb9e6fd87e838810f0b9c900432124803b27a9e9819ec920ec41a20f711d71d8da27d38b28ff47dae9e6c1d2af983ff00de3a09b8fc65d88335166aa2e0559aa1cf15ec1f40c72492af88f6e0e92af88f6e2c655a1250bd4eb72ff082301edb336568692d44d834f799f276eebe830b3f1f5fdf7b5bf51882255f11edc0de65f387b46163605d3454e293acfa183aae9054891a9bca24794cd628f9de3d303cae79208ca97d459cb7c931200a51b957517b1db7fabbe4bcabe70f68c01a41e23db80e79d9a2e9e545efe9d4fdefb5bdf6331cf6b1e23db8cc4fa8cbf491d2a13e71f6ff00e970ef10902911cb1c998cb426f5a380b6e36ed2c4bde6bcaf6f4c464ce45e947df4feeb0c2e7a3d250ca0ab55a99b3041ae960c38d14bc4c9c33d199c2a15e5bba49f2c080b014b12c6777b6daeabc91bf66c6f443a33d1573b62e4579479a49ea0d0a1636338ed32ec0062ed8532f1c0cc1414049d8ac926a07bb4f32255bbaab65bf11d70e470397eca54c7acc01d00591ad23a044ec415ad88653b2b6a2b63759127579897178507299e4d7293f2d084d2220a4054561b0ecd8a1e491477c52c93ea06244932f977d52a191969880050668589bfa4ff00cb1326196525418c81b5992524fd690953ff00c248f024631f3f1e955e6f654528e766280f003938974f52b4da5930ac4f9c7dbffa4c2f2b050589ef04b1b6a3dc49655e63d6c880055a27c4e06f9c8bd28fbecc7bac07884f97921540ca240e4eb324cdd9af274b47437defd5ebc46fc44a3e0cdf27985704aded761add80277d5df244df387552750c3a84f9c7d5da268770b6cb1343a6e4e24705e44728795924501bb21a543646c752c7786d33917a51f7d3fbac48bc8b28e79265ccb48f1a7323667766e5f2d4aeb2187500e581afaabfcb120439669a28cabe5900093b3dc8cac2f51d3b1f01543e818da1cfc6a4309688360f3b31eeb1eb4b0312cc50924924c93d927a92791d709bbee08c5a7a31f0c198c125b926d1f6f9607647524d734800024d3d68621d43618ca4ec8c11cd935cb901a0f56a3b4c3b122ee80b0db78e41a7c94a5cba72b7de020b5adb188ec19d2c2978ee83a1008245d128ece98d8110cf45db75656fed082541566aa9869a04d09000addad2d848ce54399fc87c8b3189895a0a42b0080df4df6407fbb6d452c81d92af88d94974b2b0ee20e2be4f8a710848e4bcae8241202b196466034d9056c1a1450d1041b16312f3a9207632f96e599ba6e4b36af276075060477104562bdc915953659838773231dad2ea6ba5ad39045e9dd46a76de88a07a62dbe54a08ce9491b93082a5ae37d2692ab63d0f6ac786ea5d4f3b91935510584a760ca688aaf03bf5baef00d5562f67730f246c430d6b183d4eb6405f73b01acd39b1740d50241c3ec0b760a1e173e61a344cb94855c8b53682f4995da66344950bdabaa550078f59f0ba3ca65c42f9011b34a08291b160c8a352bd236f4451076604ddd6d093e103b26621e519b2ce398c45abc686b514246eaaea689047648248df04c970af8a42788c6dce4a3c9616af1b93a14ca97badda30563d76ebb66cd22f2e642316681cb94bec846d496da890920b0814af944397b0457ec8c753c63232472bcf968649e592996509aa3881515cb02f5c9b5eb3b2ed566ce237c189f2c7892940fc86597509a89a31485c35582bb1fab14b8d7c14c9ac91cb166d21cb4aac55cf6d43ad7655811b1058ee6c14237b15cdab3945b8df39993b2e3892107979b602fb2f1cae8c0f9419181041efff005df1521e14bc99a464972f1c860478e4465284cd112637714e957b9dd6b7bc4de2286590661996047642c8858128ccc165d35512b8037722cea355d7a1c8c597cbe772ec5f943b762498b29051a9add8e9dfb3e06f6c5948e8c33f0ff4e70700133a202996251d9f5c81d140d217b636d4c0de9be82c6c401d3fc0de399613e69dde084546bab505494abcf4eba8ee4a94b3de77efc56f86bc6b2e7272c6b9884bc918d0a24525831001001dc75dfd471f3dcdf098488a1496112a4b1c521593534c6564a6885d1540c01d86e1bc37378d662c3f4e5f68cf11f84eff00d25afe3321cb2cea7b2ec50a0209a5534c3af71c52f843ff00683976919a184c970bc619c69a2c4771b254d6e36f247d5cf7129787c124910cacd398dd9099331a012a4a92394b75631eccf949b2aaef047961ce700c649765545b1adecbf6a407a7cde98b853ac898e4ad5871999b319ecb4b98841558bb2a9440a5bb6d4763aa44346aad3af531a68f4c9348c0a33cb20014d1516cc06a1d14b06baf340e8c714b86f1cf8b7357307b6020448d05052351d354a01d4b767a8c43cdf1162ba8ab2ea325d81b06666d98eff3945577753d31a2d0c9db64aceccad20245a83b81b12355917dd63d978befc667753238620aa22f326e5d2ad10630534806fbdd988d5b9abc73b164f5a17d71ad1aa66af0f1fa76f1d2de18a3c2b38629034af1cd1aab0e5fc64c609aa0494ea47afc0780c14cb249aa0afc5e4f01f8c4fcb80bf1793cd5fc627e5c1e7e199b50a5a3929d4329f8ccb4ca7a1147a1c2cf92ccf9927e226c2b7cf80a51e3fe827e2f2f9abf8c4fcb80bf1793cd5fc627e5c11f2598f31ff1336043253d8d4ae16c5919894903be81ab3eabc178b9f0689478ff00a01f8a49e6afe293f2e177e24f7e48fc4a7fa628cd903669a7aeeed3fbcc2d264cdf59bed3fbcc16a434e3cbff0041a7137f347e293f2e184e2d279abf8b4fcb8c8f247ce9fed3fbcc18e41b492a662d6281924008deed839aeeeec72c447879f26271793cd5fc627e5c1d38c4be6afe313f2e164c9e63cc7fc4cd83a64b31e649f899b093973e00d478ff00a3038b4be6afe313f2e06fc525f313f16bf971872798af224fc4cd80be5331e63fe2a7ff004c5b7cf82251e3fe9e3f1397cd4fc5afe5c05f88cbe6afe297f2e3d6cae63cc7fc4cdfe98f21ca485be504aab47759a56375b6c6bbebbf06e5cf81a51e7c82fe9093cd5fc4afe5c660bf133e74ff0069fde63313ee2dc79f272ebc525f3c7d94fcb83a71497cf1f613f2e3ccbccb97662a4bc9e4d152a17704def649aaa15b137e18664f83f3abbc74acc91f35b4b8a0bf5d6feac64b11e8787b9e267cb7665a743d695432fed29006e3c0ec46db6c4517ce030e9398d8ec488cf34ed44321934569a05c36a614a7604610e0999cba73066216903c655183106273d1f48f2ebcdff5c6bf106b2a4855035193aa043b0607e70276006e4ed576054d8251567b271165da2011074042963eb6623b4c7d83a0000c2efc525f387d84fcb8638fe6b2ef206cb42d04611415672c4b0bd4e4926af6d813d3d78d9780e6165285503c7189b4b3021945100004ea27a5627dcc5f6a59939b8a4be78fb09f97016e292f9c3ec2ff00a61d94a665c1d4c923000ae92d743cad44df41beaf026eba3197cc470a989c89202c0c8aacbae561e485d2498d475bbde8f881899ee2b4bb66495e272f9c3ecaff00a60a9c525f387d85fcb87387f108d632b1285760eb28771a648d8ecaac764602b7daf7fa0865c844b4c656d04eda5431f5aea562baa8ff0096267b9d6af347b1f1597cf1f613f2e0e9c565f387d84ff9ae36cd2493c4d990a8b1c6c23ad5dadcd802fa81a80da801d06019dc8bc1272e55a61448d43a1dfaade16683f6becacafc2f34babb07416eb150d05f71f252313a18824057520d946254eee66a1529bdb45bf71d50914a59158de80695e227b26813fd9bb4de35c8959a6cac4628760d1162c633d2c93d518f7f71346b6b3e438c69dd8b6b15da50096a0402c0b290e012a1c1b2a48378d13eccca517aa2970fcc475248d9b8c4891929797b795ab485335075246dab55fb3134b3bdc875300776a240be82fa28df61eb18af0714cd86578c7392c1046ba6a3e4baebec9ee2a7eab0412d271157cd0933d6b1c926a6812caa2edd4124a216553a06ed5640016d332baedcf221e59c5d3743dfe07b8e2ff069c88d89ed68da8005f4f5d89236bdc751b1d8f4c2ff000d25c99ccff510045a45d021756fe483eaaf57f8e13e179cd2dbf857a88f06ff005ff962c5e67495ab2faf1e9a3cac02095b4a6a59410adda3ba86d40dc75a82f75020ee30ecf389628272bcbca0744ccc311655d6ac2d8460d5142bd371b6e4d1c40e1b2f2f5d3811b0361a886aed2065361af71468d5d1048c50e23334b1c312c7044a641a1013a90b6c4b7732b1a3a8035b0eb8b413e92dc3f86f2be308b0a04472b246401bab29bd269b66228ef7ebc705c0d35e53e5e489205cc034e64b693946d472812aba4837e2b8667e051c31472cb970e516a508c4ee18957d88b520d37852f75e36f83f978e4d1976899e193973336a002395923a35560eb5ad3b861e1601aa1e2b039ecbcaf9df8934a42bcb18140150195349555a1a0295a5143a6c0e3acce7c085cb6559964858c492bb17caa317ab602d98e9a02bbf1c4f13ceb7c60e64f32068fe2da068576279674b9b655af92bdac76bd58abfd29c4f34d365926d6801576291a2e93637216c122f6049ebf4e2352ca8a9c73b450f83b23713760fc98041146a397978989b2d5bccada40a3406d86f8bfc1c821cf652542daa4cc172bd908ab1a990e9555154557bfbf097c12e0b265e4912599e2760182c4574c88bb6ad6ca4da97a22948d43adeca4f9809c42449b312caa90b84bd4cead2050c008d4d1d249b0a36af0c761cf23b1e59ea7139acc6b7793cf666fb449ff9e29e68854cb235698a2333daeab32b82aba352ea25795b58d89f0c343319046629173542aeda1cd75d458cb20146d40ecf8f8ed2a7cd2ce6466254b3d9503e681a63504740a2c6e2ba74ac33304f3ab02da0b685001761b01d02aa00aa2b51aed0f6e13e2398becfaf51dbbcf41f55d5e360d642468598eca376249ae800dc9dbe9a1b0c273c2ea4ab2b060482082083df60f4388d892cc6e2e0ce5e30e422395b7b0742922db4d82d437a182673e0faabb2a4eaea18856d35a8771abdb02f8b65b9511324dcd25f989cbec2817cba93a8076b20391bf67c732126562790bc324eac8ea81a3a084d6970c2452c457829dfe6e2645b7bfa1a663843bd6b9f569015751274a8e8ab67b2a3c06d855f807ef53d9fcf1abf23d11fba93f59803f23d0b7dd49facc1696dea34deefc8ddf807ef53d9fcf007e03fbd5f67f3c78dc8f42df7527eaf026e47a16fba93f5582d2dbd4d137bbf23c7e05fbd5f67f3c05b827ef57d9fcf1b3723d0b7dd3fea3026e4fa23f76feff01a5c635296fe819381fef57d9fcf064e03fbd5f67f3c2abc8f447ee9ff005182af23d0b7dd3fea71525b7a91ca5bfa0e2701fdeafb3f9e0e9c03f7a9ecfe7845791e85beea4fd560abc8f42df7527eaf0925b7a81b7bbf21e5e03fbd5f67f3c6afc04fa55fb3fcf015107a16fba93f5671a3265fd0bfddbfeab1696dea1b7bbf2367e027d2afd9fe780bf023e957ecff00e6c78c997f40ff0076ff00a9c05d72fe81fee9ff005188d2e31a6f7f436fe833e947b3ff00363301d307a17fba7f7f8f7069718adefe855c94e0188b0490c2297a02458f28c6cc6fa0d5d46c143330accea4503232e968c92dc8a36ef646990efa916ebbc7cd16751c21271455b04b165b1a487041dc75690e9ef0481aa89008bb13e1cc485ccc01256ac85eca8a2a06db2ad6c3a7ab15c9681506f318489e67731c47e7314404e85be8075a160618396cc1409ca9f403a82f2df4827626aaaebbf077e2ea482249412a35fc94246a3e50049b2b7d2f7f1c7a78aa6902e4bb2757221badb6ad554289e97be39515e2d84915a09939b0ea228f2a4534e08d811ebbc58e1490c972b10511d5a3869b5a393ba2b2f44db61f3a850d408290e2ea0312f2b369212e288027614cca7505d248ec907c3129f352ac9cd208325b76948570c6cedf3949f0f577ef8e4d239c5c96c5ccfc834c88ba23e690cc468248ea34b33a9a23a916186fb1d4a21370d4f49ff83dee29c7c4848c15399a98eca039367af93200c6fbe813d4ef67009f3c012199c1048a2241b8d8f5931d2a67471472146e1d1ded2103e98cff008f307fefc7a97f86a0883a8914ac8ba58372fa7882643a5b73daa356763d3004e22be7b7f13de61a6cee85576322abd95244a03575d279bbd622ad4b2727915a4cbc6d182ba2192156d0cc1b4f5049d3bf2d96fa9b20b0bb734b073f9b4658d5230026af9523b7374b2df4770b357578067b88194844074d8d80dd8f77645d0166977ab3d4924bd95e25a63314a64564a0804687c750712f42055557aef15c930a838e6cc87259989ec433061d7e4988208dc1154ca41a230e1e14cdda5478efaa3c539d27f659626d4be17b8e86eace995e331870ee64940eaad0c54dddb90c0ff8f762965788ab8b4cb1600d1220045f85f3baf4f68c38a8824e484470393c3f8399f7183270693d7f7199f718a4b98ffba37e1c7bec1f3d2f212279b2ba1650c632614ed052036c27b1d475aeb87862678e4c98bc224f5fdc667dc609fd14e05924002c930e6680f13f21d3065e3907a25fb91efb0c459d4905a2a2e920f921194d8a25b5314175a650695a838d2d78b510394c9ed68da5eba6c7a820ee0823aa9ea08ff5c3cba5c006d40f26989a3f65b6db6dc6369e10c34b0205b1d9699186ee5507423ac908ff007d2c1c4a70d1b6935d2fc5594f42a7a153e38eba2accee20f852d120d4acf468b5807d44804837bef6371d058c243381b5cb142c9138224642aacae24e6238a3d57b22f6a1dfb639d8b3686b50236d3b1d8af81bb3ff00b1d2b0c9ceeadb51d3d08521750f5a5d127bf617fe18b761c345497880d4476b4c714719d6aa7532b369d44ac813667adb7aaefc743f05a495049287478e6766160ab6c480dd914b63e6d7874e98e7729c450a9431eef7a851ed01b027735d06d7b6121986320556745526d03b81a451bd44ed77d00156316897676d9be24166b9a455b470855ca69171d8b3b92c68ea0479036efc7239a9e31248622150ba10c496234eed259249dc9a06edb4f7d52b9acd46c41d23b277d6ecdabc37637a7bfa6f85b39c4b56db50ee55a1f46ffe9fce3a39265690842c232465db7704f946bc9bad4474bfa48f1c45cd67c9bb0bb9d801d951b0af5f41fe38066b32ee016bd3d06dd9b1dc3baf0a3360ca5b0e30dc245986460e8c559482ac0d1047420e1d7e3ac57b7cc77b259ccce0b1249f9a47881d6bb3b753894cd8eb38067785ae4265ccc7ab3275693a49637e4687aa5ff0deef053349456c416e31fb2ff7f2fe6c379e4963489db454d18913faf30214f9caf2ad37ab7c4f5cb4254336a40dbaeb994161d2c05809d3762cd5d1ae870c710cc452a428ce80429a134c80122efb6465bb47d67fe66fadee4a5d973cc5df38fe0bf8ff00faf80b675ff63f1dff005f027c9aea2a22998e90c34ca84329d8329e576813b0adef6ab046156813d0e67ed0f7382df388d125cf91bf8db920529f50cf6e7e83ce3bfd470b98db5f6b352c711d54ec5c95651fd9ba83d993bbc3bc75c01b2c9449873014794752ec3eb885e08d2d765995832d248d7cb95474592b7575ee6eabd09a20823adb9ee2c65ffbe37b24c2dc4676491963cc3ca80ecf6c3574ee276f0fab0c344be6e57ef24fcf81346be6e5fedbfe7c07668ab94132d25c5adb36e8faab476cf66bcad40f8ed583e5d81d579e65a5246d26e4745ebdf859625f372df78ff9f0780aa1d7fd5d6b7d48ceee3fdc56720b7858a077daaf157350be683997e6a292ececfb5ab4e5163bdc6b62ebf287b901b02c9f0065ce3fec7e3bfebe1061af4eb57dff00b285186aa3b977660776abb22daafb2a063065d7a72333f687b9c2b035bf3d4a6b9c7fd8fc7ffd7c6ad9c6fd8fc71f7d85132ca6ea1ccec2cf6874dbf73ebc09a14f4399fb43dce2df38898573e4744ccdd9f107fb2cd97907ad539875d75aef17d3ae12d0c03f3336c9414c66dd84a09ab520ed5ebdfbb6ac6a604003149e217424620856ea090114d6ddc6fc2c8ac12796c1490461ef510e488deffbc8d908d2c475a34dd7a8c4624b9cb15e6ffdf1bd926331e7257cdcb7de3fe7c660e7cb1e5ca3d6cc29249681893bb346fa8fada855f8e1de1d9b02d072dd5876a38c3a2b01f3a57600845ebb77e3319891966594150b3e4a32cfca9d34205a329d0cd7b1d2b46e8ff861a7e0528884a7404ebccd4da4a92157e6d75077f5e33198704a57fa33ea371c3e2e85e1c8c41d44d3269642c0c64b00d74164a00a5d1bf0183f11cd6a3a582285d962955db9436eca3a83a90ec41befface633031646982de62b14fa581568948e8638df983fdcd4283775faf1ee7f3ce54444173daa5f2b46aea3555bb927513e701f463319898995c12607232be5d858209a2aeb44a9174478d120d6dd0618cce659a83b29ea4070cc9b9b2d1150480c7aaed447d433198ebac89853ccd61982904365d4836184725a9f116b563a8c35c4d23929c964998a8a724ea53fdecadfddb1b074f70af1c663317164760fb8df877046321a314cb19b708cc455d5ecbb8bafa70de7b82cd236caa117645a7a51ea1a3a93b9f59ea7198cc6fd382944f2757a928ce81afc1a9bcd5fb2ff930cc9224016329cd61dcc14e9bdced22372ecf44001ea5fb474a66331671505689d39bea3a678bc513fd9a3fb117b9c37959924dd0089d6cecabb0adc908804911161d48240dc6a5d4b8f71982a4db1ca092c86a193a8234b2690cbaab4693d9f94b34809f9394598c9d2d6841c7b3c01974b0356c765a6461bb9541d08eb24236f9e9b74f3198d0c1e5cf023cf0b236961eb046eac0f42a7bd4f8e37cae5de4758d14b3b10aaa3bc9e837db198cc66f5365a5999885e3768dd4ab292aca7a8236236f5e07bf8633198eb2a41f379478df96476b6d85ef7d2875ff00dfd183657844b2736b40e4c4657d4e0760007b2770c4823a6debc66330da335274bf47639ce2123f073018624e4850c5a41a88565171a8bd4fab622c51bebb03f39378cc6624f265e8bb40daf1572bc15f9299a211d5d99523d5b82b76d98e9cb886926ef7dba5de331980b36693748773663cbaabb32ccf28572eaa1cb58f3752f2d56b4e9b15554c6c448ff4e4562e3205f5e40f7e7fc8e33198e7368e8f4d3d46f35c3644567883885a369494eb121eb2c5d2e22545a8ae96b44547c9e6da64345dcf7821d8ab0ee2a7bc1fe468823198cc493b174f274665f9eeac039087625acd9df65a05aeaef4f775db1bc39175051a991baae9946fdcca797d961e3f51bc798cc74636acb39d3a06dc2d3cd7f6bfb8c0db87af9afed6f738cc66238a2aea3365e1a9e6bfb5fdce0d170e5536a8491d35eb65bf5a8845fd175e3636c66331ca288fa8cf172128632191751bb665928dd83a8bc7a688241bdb7df0196798310ed206b360b1ebf51ac66331d254284b173f43b971269d4f3b461b64d4cddadfbe8f652c56a3b5f8d3109662695495679030344176b07db8f31988f42c75f3f4615639a4400bf64ee036a2cd57b8d2a5b4824f5dac9adef1ba648e9d0e4328dd6b98194f7d1319ec9ef15d77db7bcc66128e56094e9d1a7f46c7e0df69fdce33198cc76044fa8cffd9, 'It is a club for computer science and engineering discipline, Khulna university.The goal of the club is to provide the discipline some important task such as arranging contest programming,arranging IT related function.', '2017-04-20'),
('{B0E3F1C6-922C-4B0C-BB61-329FC1B134F6}', 'Math Plus', 0xffd8ffe000104a46494600010100000100010000ffdb0084000906070d0d0d0d0d0d0d0d0d0d08070d07070d0d0d0f0d0d070d1511161615111513181d2820181a251b131521312125292b2e3a2e171f3338333837282d2e2b010a0a0a0d0d0d0e0d0f0f2d1915192b2d2d2d37372b2b2b2b2b2d372b2d2b2b2d2b2d2b2b2b2d372b2b2b2b2b2b2b2b2b372b2d2b2b2b2b2b2b2b2b2b2b2b2d2bffc000110800b1011c03012200021101031101ffc400190000030101010000000000000000000000000203010405ffc4001b10010101010101010100000000000000000001021112031321ffc4001801010101010100000000000000000000000001020306ffc4001811010101010100000000000000000000000001111202ffda000c03010002110311003f00f321e279532f5b5e294cc3e499532cb47ca994e29966aa993c24532c553e4f92e61e4668787c922919aa6c9e161a32a7868586881a18b1a8a6650102d656d65509494f4b550953aa5256a22749a52a7a684f44a7d54eb5109a4f4a693d37113a9d56a7a6a22753b4faa9b5113ca994a1e35516ca99a8e6ab962aad93e52ca99acd58b654ca59aa658ad2d98a489616c758ab1b21a299914998cdad6250f229e0786757964c9a412365431b32de33adea038383a3a0cb9a5b0dd65513a5aa52554c4ed25aa589eb2d444e929f509a6a227494f49a6a22749a36aa3bd37119aa8ea9b5495b884a5352569138789c3c54532ae51cab8acd5572a64b8cad98c5586c45b322714cb15a5255254e43c8c34ae6ab8d21229966abab1a5a72b933a5b1b73b1b955bf32dc1f3a525959d6b257358c74df9a77e6ba97ca4c3dc96c5670b6b2d14b6b482968b4974b88da4acbb26b6b21ada9eac66b696b4dc8ceb7750de8daa9dad4889eaa754d25a6e325a4a6a4ad05a43523489c3c4e2998d21f316c7f1194f2b155d38daf8d38f357c698b15d79533943e7a74fceb9d6a1b31491b98a672c5adc2e61e434c9e659b54b21a1a65be59684d299da7e444c5744d9e6e39a68dd4c5d5b5988ef2cf545d92152d25aab6aa1b6e39d26b49eb46d25a6e3359749dd3692d6e4659696d1692d6905a4b45a4b5602d25a2d25ad446693a7b53ad442d21a91a8848795394d145253ca94a79528b66a99a8e55cd62aba31a74fcf4e4c2d8ac58d477fcf4e8c570fcf4e9f9e9cbd46e575e61e44b1a56572adca690f2161e335b67965cab0713447cb38bf19726988b3514d653b5a44b68eaba35ca8ef2d466a3aa9e8fa4eb718a4d25a56d4f4dc652d54ed3ea27a6e216d2da292d6a20b4968b4b6a8cb4b68b4b6b48cb495b695513869490d1a1486848a66207cd57152cc53318a2f98ae6a185f359aab62ba3e7b73662b9ae76352bb3e7b74636e1c55f1b73b1b95db9a795cf9d299d39d8dcabcadea534df4ce35aaf427e9be93175b49a86f45aa896b295eba29351a8cd736b3d43e9875eb096e372b35c5a4b4ebfa61cdbc3a4ac54ad26a1e92b6896a25a7454f596a221496a9a8969a88cb496b696d6919695b4bd5090d08d95457354cd425533511d19572e7ce95c699b05f2a652cd57358a6ab8ab66a1953358ad6ba3315cd431a5b358ad4ab674a676e786959c6a5744d1a6dcf34df6ce2eba3db7db97d8fd0e57a757b1edcdfa0f67274e9f65ba43d8fd0e4d56e89aa4bb4f5a59135bb88ee1aecb74dc66d43794379e3af48ee3719b5cb696d57794751b8c97496a1ed25ad444b513aaeaa7a6cd4eb1b4aaa5002a1a534a46ca82b2a99d2129e541d58daf8db8b3a533b66c477674a674e3c7d15ced8b076674a674e29f43cfab3635aee9a6fb724fa9a7d19e575d3edbedcbfa0fd1395d74dd17da1fa0f662eadfa37f4735d97daf26bb3d8f6e3fd1bfa9ca6ba6ecb7e885fa16ece4d5aecbed0bb2ddb58ceba3db2e9cd7e8cfd5794ab6ea3b65fa12e9a919d26d2d29aa9e9a8692d25a6a9d6959a2b6b154a005036560034a69536f505a534d2329a5417ce94cedcd29a69307567e879b724d1e6d30754fa367d5cb36df4983ae7d0d3e8e3f6d9f44e55d7ed9fa39bf41ecc1d1fa32edcf76cf660e8bb67b73fb65d983a3f46fe8e5f63dae0e9f65ba43db7d9887ba2dd16e8b6ae21bdb3da7692d5c17ba25a9fa1e97130d495b696a8cac6d2ab500011400000001b1a51d03c344fade829d6f4934dea07f4df49f47414f43d25d6f414f4df697474c15f4cf49f47414f4cf44e8e81ba3a4e8e81facf44e8e81fd0f49f59d5c43dd16d2f4741bd67581434ade90061ab1801a004500000000000003a0037ad28037474bd6f40dd05680eb7ace806f474bd1d06f4759d6740c0a01bd6758146b00100000000000000001a004500000000000000000000000001a1401a0a32b0000001194000000000000000000000000000fffd9, 'A club for math freaks in khulna university. Finding the solution and making it more fun is the goal of this club.', '2017-04-20');
INSERT INTO `tbl_club` (`ID`, `Name`, `CoverPhoto`, `Description`, `CreationDate`) VALUES
('{B7EA0298-7405-45F0-BB93-2C1DF822924A}', 'Sports Club', 0xffd8ffe000104a46494600010100000100010000ffdb00840009060710101015101012150f0f10101510100f1015150f0f0f101515161715151515181d2820181d251b151521312125292b2e2e2e171f3338332d37282d2e2b010a0a0a0e0d0e1a10101b2d251f252d2d2d2d2f2d2d2d2d2d2d2d2d2b2d2d2d2d2d2d2d302d2d2d2d2d2d2d2d2d2d2d2d2d2d2d2d2d2d2d2d2d2d2d2d2d2d2d2dffc000110800a8012c03011100021101031101ffc4001b00000203010101000000000000000000000001020304050607ffc4004c100001020205050a0b060307050000000001000203110405122131415161d1f00613225253718191a1d215325462929394a2b1c1d314162342e1f13363820743447283b2c22434647374ffc4001a010003010101010000000000000000000000010203040506ffc4003a11000201030203050507040105010000000001020311f0122104315113416191a1057181e1f114224252b1d1e2324353c11523336292f2a2ffda000c03010002110311003f00f8dadce7040020068109301a0013004ec035561027601a7600926204ec0345900276004ecb3e8008b2cfa00d1659f40045b310022d988048b2cfa0022cb3e8009590022c8012b201256004ac00958624ac009580490c1480900080048608004002001000800400d3102001301809adc0b1b04e5b96aa9b21cd13741ba6add3d8953dcaa5cdd6b3ccdcb09690ab3370096d34666e05cc833132b58c15b3f73373b313a09c97a1c3318d4d15912c54f2cf9968117cc6008bacfa8022eb3ea008bacb7ee008bacfa8022eb3ea008bacfa802599b809199b80257cc6009666e024b337004666e3129ccdc01201243052009002001031240080040020010008009200698813404db719f6655a2d84f736039974a673b02d274a7cf3e62bd8c960f373958d9e7d4e8ba0b1a475a76cc6171d83b1fd51679f515d1adad200c972e85759f3306eec734ef98c422d074e84f9e7cc69d8a5f073752cdc3a67a9a467d4a54666e6808ccdc01199b8023337004666e008ccdc012ccdc012ccdc048ccdc012ccdc012ccdc049666e304b3370129ccdc0120129182400a40498c12004002001000800400d0200152404a79bad5086d6cf5aa516c1b34d19e30c48cfa96f07dc63513e6690d71da4b5b4998b6919becf27e39542a7f78dbb4bc4d42009df35d31847f15cc7b418a2b4957d8d37defc89ed5a343a8d995f60ff000ee64aaf5287c1ce3ab52c5c1ae66aa654e629699698b9d3195c5853e7cea651b971958cc42caccd6e08b3004598025b8022cc011b8c495801200480496e00934024ac00a46248014b1892600a40490c10008004009000801a00602690809ea54058c6759c9ad691892d9be05109bcdcbae147bde7a1cb3ac96c8908161c0e13c73ad2341dee96790b5ea5634cc6413d2574f6515cf3d2fe8636eacacde678735c8bd35c97a7ee5f25637c2817e5c36c8aefd17a2fd8e694ec8b851f2fc556dd119769dc45ed02e22495a1eecf70d37dc57161ddc64e574bef2bacf02e32dccd128f9b1db42ca5453578fcff004368d432be1edaae5838f86791ba915edb5c95b3114551a14f9f269ec53285f3f8971958cd2db60b2d3e19ff00a9a84b6d8234f867fea01b6d7234e644612db6095b32201b6d722d99100db6b92b6644036dae4ad991016db5c95b31006db5c8b6621894db3100256cc4024ad988014db310092b66200523124c0148c10024002001000801a0091cdd6a8436895f9720f9aa5b6e27bec6ba251ff31c7205d54a9fe266156a7723b34713e718e60bd3a70daf23cf9ec5cea34f26376724e854db93b4488d4b1beaba3c091b4039ed322db9d2cd70b876e0b6a14a12e7cce6e267553fbbc9e67232ee862d96b4c3873938b640b86227832599571349a51714b3dc6fc045c9b52967c4df44a017f8ad91b33bdaba9d2a515ba5e872d5e23473fd4eb506af7b67300dc04aff00993f05949535c8e1adc4c656b67e842955643762db0738b87561f050e8c65c874f8a9c793be6753874cab1f0cda17b460461d2322e774e507747a54b8985456ef32900e8292df78ecf391b72314600e859c9467bae79b9d106d191c27874e9d2b9ddb2c6e99003224ad9628cf1d997ad6738ae7fb1ac1f71549459658b046d961891b658012b2cb002565960046d960125b658012d804a7618240090092012900498c4a40148c100240020015689746009689746049b9f69aa50974600c1d43155183e826cd14565a74ce4c8b6a54dca5768cea4b4ad8eac36e4ebd017a10a6d9c3266b86d95f8017e80339daf5ada5276599ea62f7d8ee543431492d33b0c71b24bf83213c5de6f673af4969a54f525767071551d1969eff459dfde7a9a0d5f4587062c37c20f8ee88008f834b46121957249cdd55520ecadbaefb9e7d5e32f4dc6d795f677d92ef56f13975c5060864882e17705b394c681cebb294dc9ee1c257aae574cd15531800930b78005e08cca6b37d4c78a73bbbcbbcf550a8d0cc12f2e93c1126117919d7972a9355124b6ea79ea3174e5373fbc9a49755d4e6d228a1c3838ae98d471e614eab8bdce6d22865b8024656cb6d4ba23514b99d94eb29733cc57754b870e1b5d2cad00920e819b4645cf5a16dd3cf33dae0f89527a24f7386fa2477ff731011e63af5c7da6f74f7f7fccf59454088ab637251279ac3954adfd49faf7f98dc95ec54eaba3e48313d072c9c975f5f99a222faba391fc18ba7f0de93946dcfd7e65453bec64356d23908deadeb1d4bafaff0023a2c2f06d23908deade8d4bafaff20b0783a91c846f56fd48d5e3ebfc82c2f07523908deadfa91a975f5fe4160f07523908beadfa92baebebfc8761783e3f2317d5bf5257f1f5f985846811f918beadfa917f1f5f98ac2fb146e4a27ab7ea4b39fcc089a245e4dfe8392ccdc2e889a3c4e23bd12959e7d42eba91309dc5775146979f516a5d48961cc7a94e9974cf31dd104b4cba0c14b8cba0c4a74cba0025a25d0624b44ba3004689746008d12e8c0a37fd0a7ed357f33f366ba09c27cf22b857ab2fc4fcd9325626f98c04d54aad65ca4fcd895883a290252bcdfa94be22aa56d4fcd94a29b35407c86187c57442b54b7f53f3661357674e8d18e044f3cb124dd2eb202eeeda6ad0bbf1dfbf3639274d3dcdd4269a444903f830cf088264f78ff881d9cebd3e0e2e5f79bbdbc7bf3d3de73d66a842ff0089fa2fdf3b8f6757b37b16cf4373e92ba6a3d7f751f3b5e5da3d28c75e6eae04318db7656b4f8a3ce3b4f24d70d4e2295057933a782f64559f3565e2799afb7545cdb10a344b61c0fe139cc6cb34c19ae4e378da525a28ef2f047b3c17b31425aa7156f1b3391037474b6b9ae31633834825bbf45bc0c97b97242a715169b8bb74b1dd3e0386926b4c6eff00f15fb1e9a81bba24c9cf7c339a2125bd7ad7a30e3b8693d3523a5f8a3c6adec256bc527ee3d8d555e36278c64e38106e23415d53a0ad78ee8f9fe2780953e474e911ed0907107210489ac630b3e471538697768f3eda6526d99b9ed03339c2c9194675d9d953b7247add951493495cf3b5d56b4d8112429549b2ebda0d2229e71e364d4bc5e268aa53db91eff0b355a9ee979239f1f7494b041fb5d22f177e3c5989ff0055ca21a75697c99d31a29f72dbc0c148dd5d3ef952e9432ffdcc69dd93c65c952eb63b29d18ae76f246766eaeb13853697ed31fbcb154efde6fa22bb9791276eaab218d3697ed31bbcafb0eac49458bef5d63e5d4bf698dde4d50daf71e95d03ef5563e5d4bf698dde54b864d7f50b4ae83fbd358f9752bda6377968b834ddb50695d3d03ef3d61e5d4af698dde57f615f98565d3d04774d58796d2bda237791f625f9c34ae8bc83ef0d38ff008da4fb445ef2d7fe3d5edad9368f45e4335d537cb291ebe2e8f3b4a6fd9c93b768f2c2b47f2af223e14a51c6951fd744ef2a8fb3affdc79f125a8fe55e456fa7520e3488a79e2bcfcd3fb034bfee316983fc2bc91598f14e319e7fadc7e6a97032ff002bf30d14ff002af2456e88fcaf71e77153f6395afdabf3f996a31e8bc8a8df894970b369ff00d57e7f32c894a5c2ce3fdc7e6309a87c3cff00c8fcfe6029a4e8cffc8fcc045cb29426bfb8fcc7622622c5caa2fc6fcc7a45bee859f6d53f33f31e92dfb3f9a36fea5cda42e68a3d1aec05e74f7974528ec65525b96ef13380bf6e32bb5d99dec5a28d375ed12d5fd49e9bc89d568971a20129374e5e8fccba69c1277e9bfedea65da377363aae8ad85be3596a6de0d9bdc0ba60195ac8db587182dd70f5746b8abfeb96bf998c788a4ea766ddbafc3e76f20dc8d1dc1ee322c0d337e22d4b06c89cff0025dfecea2e9c5ede1f1eff002ce44fb52a47425cefcbf73b1ba0ae9d62cb449ce989e40d18917f47eeaf8eaca846c9ee70fb3f805af53e599f43c43e1dabc890c6f9cf9cf0b15e051a4ebc9ce7b451f477d3b22a6709c18c6de4c848127aa6b67c528b54e8207b2d5267a21b8da41139998c960eb9aeff00b257ff002af2f99e4bf6c504ed6f53934fab62c0fe23016ce45e2721ce260858d65569ab71114e3d572f966e77d1e269d6fe87bf435d4d4f7402063049c32b348e12746a4b8569a77a6fd0cb8ae1d575ff0097ea7d16a9a60778ee0e70bda0625a70cabd69d9ff0049f23c55071fe95646aac238203da263032f999a54a367a59850a6d3d2d9e5eb782e8a3c405ace10902652194cf37fb57371d4dc97b8f73859469f7eef3f5fd4f3efa05a9dc2ee7efaf25c2e7acaad883aae18d9079e7d3f9d695a29b52ebbfee546b3e4562852c182ee7fa8b24ac6baee28b40f3063a7ea2a90e13cc4562aff003076fd550af634d7988b055de60edfaab54dd89d79889b6acfe5b7b7eaad13770d7e39e44c557fcb6f6fd65aa9b57275f8e79131557f2dbdbf591a98bb4f1cf234d3eaa870e0c27430d891e2b9c1f064f0f60610459fc475a044e725ba9bd4fa7cbdc670a92949df92296c2639e0368513844090df05e720be58957a9afc4372b2bb92f42ca45510e14730e239d0cc37ca2c08961911847e525ce00f44f9d109ca4b6dfc414db8dd22c7c1a21fcac1a0456fd545e765fb7c894ea043ab68f166d87263c0982d78887a5a1eebb0cd910a738b4d839ca3cce053a8af84eb0f1232b8e470ce0e5449ea4add11d30927ba1b28110cad35cc61168c42d365acc4ba796ec989c12d4b4bdc1cd77108a60d9364440e98b25c5a44b2cc01cca1dd73f01ad57dcca4ace6dbbfbcb16a537b2e7dc045cb9ea6ef3c0a44171b65112b9dbdc66bdefcd1dbdd59d89b9a60c3b870461a7baba60b6319bdcb61c3bfc51dbdd5515b9127b1651e1dfe28edeea74d6e4547b1a8439ba5218019752ec82d9fc11837689eb6930c358d6c8480f870464d0be8292b591e0424e526f3a9d6a3d5cd10279489df7df2d7250eabd67054e264eadbb91f3cdd2d09ec75a21a5a4886d91339013c2ced20bc4f6ad3a8e4a4f93763ebfd9f5e138d95efcd9cca1d0f7d8ad8404862e96321d1d1d29f63aa70e1a3cb9bff00674d6add9d3753c8fa436afa3d0e098c435b10325312170c0685e9a54e9b728a4925cfc11f22f88afc5d5ec936d5cf3703fb4078792e85c095cd9ccce574d797ff002b16f786defdcf5e7ec083824a5b9daa2114d81beb8005d3b2db89979fcf9b25cbd7a35555a69dbeebeef03cfaabec75bb38be59b1e129f42de633a14b82784d9e2066c321042f2dd154ea4b877fd2f759e07d2d0addad353efef3d1ee218c06d168b61d61d8caccaeba5d0b6f66412a72fcc9d9fc0f2fdb2e6d593dad73e86ca3b4b0b653bb2deba9cdea4cf907524a699cb8d0c112909112234619b338addeeac77c24d3b9e1f7993c8b23091c7babc36ad268fa7d578a652f85778adedeeaa96f4d7c4d54b7e667741bfc46f6f71626ea5b7313e00e4d9879ddc54f90e32f12b6d1c726cf7be9aca2b635d5e25828e39367bdf4d6ab913abc498a38e499ef7d356af716af1cf32c1461c933defa4b5e6d937f1cf32428a39287ef7d24ddc3578e7997c2a2cc802143c643c7004ffd2b96b7df3a7bc872db9e799a691406329112031b0629821aedf18e365d300f07f0e730b4d5749efbe75214db85df7917c02e7173a131ce2665ce2f2e2749306f4a12b3b5de7c42e92b279e640d104bf830f0f3fe8a1c9e9d9be59de3d5e39e642250448380147783c08ac277bb58597f05a473cb2f417093befb8f5fc4f4d546e62914ea3931a15ecbcb9b294f38cc7b3ae4b0a95214ed67cce49579466fb3574b99c8147fb3d24384080f304874a2076f4eb23f30dec80344ca7ce2d2b9ba9aab4f9f330c2a7c394473a506dc52f6b196de1b337c806705b9bf44eaaebd11aa83564b72a756507953e8bfbab3707bedde5e89742b35941e54f53b528d3fa0f44ba153eb085ca1ea76a594d6e5284ba143a9d0b94ec76a5ccca517d0a4d321f1fb1da962da2b4be865b633b7ac2c2e5d8d309e258b70ce174c1ec6125b9643789e2dc0e519954799325b1d0a23011f972665d74a9a7172f71c7564d336c18237cfcb885bc56f6f139a751e83d7b688d7dc6570d39caf5f569dcf9e75a50dd1de1456d800ded1880653174ef5c4ea3d5b1e6aacfb4b9f34ddc965b1605987bebacb5ce9900e009cab3e3d34a96bea7dafb27752f71c7dcd4cd2f82e68b84e62d4db69b70beec8a28293e32567dde9b1d7ed0b7d9b74f11e93fb438514d1dae37b4599903afe4afda093e1de9ee6ae78fec39d355a49789f399af9bef3eacf69b8b8919909c5ac7bd84b882db244aeba448cb3ed5f43ecc94a34374dabbb72fdfa9e07b5614a7516a924fe3fb1cddd1d26dc764da58f16ad878b394741c0a389a8a7c4c2c9ab27cf63b380a5a293b34d775b73a7b8e337ba444adb05c72cd69c07fdcabeff00dce5f6b6d08fb99f546515cd6079949ed9b70339191e654ea2949a5dc7c5544d59b5b3e5f0763894864ae985d89dceda6efb9e363b3f19dc26f8ceca3395e54a17937e3fb9f4b09ffd25b77233c701bf999d614c95a36f13684b5331ba2b78d0f01f982e73ad207466cbc68787186b54c12dcadb1dbc685e9375ac97236b32c6c76f1a17a4dd6ad7225c5f42c6d219c785e9375ad63cc5a5f42c148671e0fa4dd6afa93a5f464c5259c783e9375a62d2fa33440a4b2d0e1c1c460e6cfe2b57cf3a12e2edc98ea0a451cd363ef8e25af63843b24f09e1be75c4039fa2e5a54be956b135633ecd58d401fe5f62cd589020cbfbbec55b690dae5d05b74886df904a441cfcf7a1584cead53ba2894584f830e418e16645e7c5c971375d996738427672ee3074a7a9e895b573385498ae7b8b8d899ce667ac954da699d14e0a1151450e9ff2fac296688c759d550e21b5e2ba77904343b499e5fd543762e151ad8e7baa56f1bde6ea4396df034ed595baa76f1bde6ea584d94aa3297554de37685cf22bb46546ac6f1bb42c1c4ad651bc378bda75ac2c8bb97c36b00f172673ad6f19452b194936c930b67e2769446a2bf21383b733a357c41295995c3295e870d3bc24bdcce3e229efcce9c122d4c8c833ad93dce29c76b23d1d5e62b9c092435c3127a45c3fcc7a97ab4a5785e4791c476718b4b9acff0047a8a335c592cd97f75cd36948f0ea38a95cf9e6ec2a57173dc5c5d6786d877cb31e992cb8de1e55a9f689bdb923ebbd93c6c74c63a6ddcd9e4a046de62362b45c2e701941c76d0b9dd569c38987c57ea7b9529f69074d9f42835bc2a4420c88439afe0b0e433c66345ebd68ba734a5077523e565c1d4a151ca1b35cce6d63b89a359df1910b5b399911e2df3c6e0b827ecda137b5e3fa7a9d743db75dcb44a3765d4aafe0d059bcb24e040165b227fcd21805d15f88a3c3a8eaf825d0ce9fb3eaf192ed25b7bff43c652e3eff0015d15c3838301c643627a57076bae72e265cb92f71f43469765054d7c4f43b8d10e621805af73ed137ca42e17ed815afb2eac55392ef6db3ccf6ba9a5afb923e9119cf86c26e75d748cbe2baa2a3391f19050a934b91c4752899b9c241a3a44af387f94ae995a28f5151b5a31ef3c9c27b1cf26ce9c4e2bca53dbe27bf3a6e31b5caa98d6112b3da565564ac6b4632e66175161cfc4ed76b58b3a937607d121cbf87938ced6a9bd8a8b77e654da0c2e4fde76b592e46badf526da0c2e4bde76b5ac64ec2d4fa960abe0f25ef3f5ad149dc5adf52c15741e4bde7eb5a29bea4eb975262ad83c8fbcfd6ab5b5de2d72ea5adab20723ef3fbcb5ed257e796275cba928f570225086f136d971682e716e699374f2e79055da75254faee3ab772ef8ce2dfb48852697db8b3632e139136ae49554b7b37b8aa5751ee2e8bff00550d91442850ac3041218d8a03cb3836e62200e2653372ad5a6eaefd3f6260b43b5f3d77210a8b11866c2d6bae16acc471b22fb3c2886ec50a49bdf3d0b724f9e7a1a5f7de5a6671939c04f9a772c6f6e42440b4714fa6fd685c9ee320e68e29f4dfad290d12a4e184efc012dcf9b6bd672144c8e038a7d276b49bdbe0594bc79a7d276b58c8b46778f34fa4ed6b9e4522970d07d276b59328e2fdace6f86a5c9a8df493871c9e8e6d4ae1764cac8b83a472f66a5a68b32351d2a04701d863cd97a17a1c2b4a76ebb799c55d3713ace8d74f37361d4ba5ec7025b9e82a7a6874390bdccc99657cbfe43a977f0d24e363cbe2a8b53bbe4cf4554534c4c9269f8e509d7a6a2791c55050f7857356078b6d1c3031ce332546adb67c8383e29c1e97c8f96d7d563e138bd8d2584f09974d87aaf0b8f88a13e1a4ea535783e6bfd9f71c1f171ab15193dfb9f53cf920f8a657ce53c0e75c4e853adf7a8cbe07a3bae66d8b5ad21d09b04b886b72873ad385f71befc56d28f172a4a974efef7efdce78f0d46351d4b6efdc61000bddd4b05c353a3f7ab48e9bb7c8ead12811e2b2d3186cce4d6dd69c338125aca8d7e263aa31b45725fece59f114694b4c9ee7d2772d553e040b25de338447364d907812164ca7200f4af42950851492e67c8fb4f8f55e7a5722badebc10c131261a2e12cbce39fe6bba34a318ea170bc039d94399cba6d64d6c0b8da312e3294efbccc4aeba5e92e6e26ac74fdd7cf63ba8f0cdd6df6b667b8e0b635c4cb132c9a979f34af6e9b7ee7a8efb2b98a2d34da95f21a477572cbfa8e9847ee9578409c989cedeea16e69a1118d599193139dbdd5522a14ca856a731eb6f714a5b1a7664c56c78a7ad9dc5a456c2ecc98ae0f14f5b3b8b551bbd85d91215d1e29eb677168a1cc5d912f0dbb8a7ad9dc44a0ee2ec91a28dba1731ed7d8b565c1d271616995f23c0c16ee93bbbe6c44e8a946d7215cd7512911dd1c03037c368c386f70860dd3b2320d0a9414525cf1053a4a11b7fa32c2a6c6066223f1978ee3cf956908277dbbc6e31e87560ee95eda343a3ef4c0d836acc4606b623a64936c969b4a3b24ef2dccbb05adcafcca857aee29eb67d3550a5779fb95d922b35f3b8a7ae1fd359ba7cac52a4889af9dc53d70fe9a4e9fdd6576445d5ebb8a7ae1fd34a74ff00d02a47460d650e336e76f6f0784c7113e824198c34dcb9e516ae43838b22e70e507b9dc50fc7a0ecfa153dc3941ee7756531a5e050f70e38f77bab9db45a4ca0b871c7bbdd59365a471378d2b1fb355fcafc99aeb2c810a471c5694f87aa9ff4bf2644e5b1af79d2ba1f0f53f2bf231d65b0da45f3c360aa346a2fc2fc88934f63ab01c5e31c44885dee139a52b3df9fbce29a506742a9260bef3318119c6d7f42ba119d377b1c9c4daac763d8d0e2ca4419b4de08c04f6f92f424b523c0ab0bf3e675a0d2c3f826ee7cab9a54dc77382745c7ef231d6353b5f7ca4738c7f55ad3af6d99d3c3f18e1b1e4ab1dc535e49deccf8d0e6d279c60b1adc270b55ddab3f0d8f7687b6dc559cbccc03fb3e8845a0235906ce03137ae77c0524eddacbccecff009d8daff74ea503702181af2c9924f8e6dbdb2ca582e1a0ad2970dc253972bb5dece3afedd725b4bcb2e7aeaaaa46c3bc836b39c7f45b55e22fb23e7b89e3a55365c8956131c1683cc05e7993a5beec9a167bc8f295c55b169040fb3c47861044a1bc89e4c061fb6256d5aa538d3b369fc73e27d0f0351524f4c96fe2b33c0e3522a1a64eea3c771ffd3109bf29bb3ccaf294adf7dbf77bf373d285683daebcca5f52538097d8e92e95c2cd1e313d56573caaa8a37828c9ecd79a31fdd9a7c89fb1d2a67ff1a3cffdab053dae755d276ff6880dcc53fc8e95ecd1bbaa94ec1a9755e68a62ee5ab1385069647ff346eeace75d5f91b41ab7cc87dd4ac7c8697ecd1bba92e236e45ea5d7d43eead63e434bf668ddd56b8a495b48b52ebea3fbad58f90d2bd9a37755fdb15efa4352ebea1f75eb0f21a57b346eeaa5c72dfee8aebafa88ee66b0f22a57b3c6eea1f1a9fe161a9755e61f77a9c3fc1527d9e2f756bff20af7d0c578f55e63352d37c8e903fd08ba3cdd0a9fb46eefa1e589fbbf997991f05d2863458fd306277538fb42dfdb626e1f9979959a152063478a39e13c7c952e3ddadd9b27543f32f3457f678a3184f1cec70f92a8f1d25fda7e41ae9fe65e68a9f09f958e1ced2a1f19376ffa4fc8b528f55e65679a48fb54ecd764fcbe4591294b8a9b56ecdf9008859baf37fdb7e430b2976d3ff1bf20b88b16729d47fdb7e43b91ded62e351fe07e43d42de74acdd1a8ff000bf21eb26b3d72eac81cd1ae5d581b213e639fe2ba6351b5cce792b326c74be6a94e4bbc968df428d66ec9b5ebb387aba7eebe4f2e735686adcea4e6348c0e75d32ba6717266cab6b6b26c3bc4ed1fa685a52ace2eccc2bf0ba95d733d1428c1c01067943819feebb534d6c7933834ec7428f4e23c6bc64388594e927c8e4a9413e47468d4a6b82e69d368e4a94a51271623128c58a31914be9ad6e856a9365aa3291922d644f8bd66e0b58d05de7447864b99cfac2317b4f08b257da9cbb7205a452823ae84141f2b9e663d31e307b867939c3a973ca3adddaf4f91ed538f8191f4e8bca3e67cf75c165249f77a7c8e88c51c8a6565189e0c68a06888f1d2b8eaa4decbd3e47a345695b998d69489dd1e2e8fc47ac6cba7a7f136b16f85e3e062c5e7df1f8ab56e9e9fc48d0526b3a472f17d63d45974f4fe269c85e12a472f1bd63d2d2ba7a7f11dc3c2748e5e37ac7a34ae9e9fc42e1e13a472f17d63f5a34ae9e9fc405e12a472f17d63f5a565d3d3f880bc2348e5a2fac7eb45bc3d3e402f0847e5a2fac7eb4ade1e9f2011a746e5627ac7eb4b3360d88fdb22f2913d372599b0591134989c77fa4e4aef3e82d2ba11319dc677594b53cfa0f4c7a112f39cf5a5aa5d73c82c8892a754ba8c49394ba8c4a75cba8029d72eac608d72eac011ae5d580235cbab0128004016c07c8cb215a53959d889c6e6a9ae8e662590dffa155164c91ba0d2321c9d8bb69d54d6997d3e4734e9f7a34cc1d0721ceb67d25f079dc61ba34d169f1211d1941bda554672a7bf77a1954a10a88edd16ba63b1e09eb1d63e617543888be679f538292e5b9d4814b04705c0e8123f0d4b4d516714e8d9ee89c48d3c7e7a95249722634edc8a225298dc486f3903e27e48734b9b348d294b92660a5574c6e1c3392570eb3f20b275a3c91d54f8293e7b1c98b58be299649dc05c0151772de599e677478785357288a2ece7b144a7b591a45ee71e974ac83f75c73a8b92ff00477d2a5dece7447feab99c9658eb488832bfa92db2c314d2bacb004d17596009a2eb2c309a2eb2c024aeb2c008bacb002575960125b658012db2c0096c3129d8026930053b0c490094b0052c04a4608004002004818200100698117265f8ade9cfb998ce3de5fb732d8cc9b227ef9952958968d50a3cb6b8aeaa75acacf759c8c254ee6b87181d457445dffa1fc1e6e6128344e434b7e09b6aff0079585766b6cc60415692fcc60ecfb8ae339f3c4619d55977bf52a2a362a33ce022f05df9e869b7415da4f6049d54b967a86e41f1c0d41652a97efcf32942e511a944fcf374ace556f9f33585248e6d2b38e9da6b9e6fbd67ff00a3b29f466619f63dab2d599235113b6c51ab3241609edb146acc905827b6c51ab324013db628d59920b04f6d8a356648027b6c52d59920b0a7b6c52d59921d827b6c51ab3241609edb14b56630b0a7b6c52be6300db6bd2be63009a9be630b0a695f318c26a6f98c0495f3180296c625202480103040810312400800400d3034418d9f1ceb7854ea6528743405b190c3a4a93684d16b22f476856a443897c3a4118765e17446bcd65cce54d3340a7e7f985aae2177afd5193a045f4c07375a52aa9f256f88d516881a4ec2f51da0fb220f8e7f7b927365a8229745e9ec0a5c8b51205c4ea4aecb4ac2da4981922ca777ecb1973378f220a772869ee008dc0496e008bb004b7004b701237009a40090094b1824c026a404900948c14b0129182402400200100081820010008102605b0e311a42d6351a21c1334b2283a7e2b78c9332716898da6ac904ecf3e821879ce9dde7d02c3df0e755779f4169405e73a2ef3e81642927679f4185dfb276cc4045d100d1f149bb67c8a516ca1f189c2e1dab3726f3e468a162bdb6b94e66c586db5c8ccd8036dae459e7ff00201b6d72333ee806db5c8ccd8036dae4666c01b6d72599b0092ccd801199b002599b0092ccd8014e66c304b336012599b002960252c609301290040c100080040848182001003400200269887354058d8c469e75a29b44382658291a3a968aa12e99314819d5f68b3e84f66c7bf8cfd9fa2ad6b3e82d0c3ed033a3b459f41f66c83a3e84b5acfa0d5320e8a4e8e649c9e7d0b5048ad4e66c50d16cc4204ed988011659f400db6b916cc4008b6620045967d00495b36fd8608b662004ad9880116cc4009666c024b336005399b002599b00920052312400a460800400900080040092182001000801a04134c0734ee204ee01355701cd3b804d3b80e6aae209a77009a2f98c0269df3180e69df31804d1759f5009a2eb3ea0134eeb3ea0134aeb3ea01345d67d40268be63014d17cc60134af98c02695f31804d2b80a695c6134ae0134ae029a9b804d26c053523040024312001000800401ffd9, 'Sports club is an united club in khulna university where all the sports are discussed and also arrange some sports tournament in the university.', '2017-04-20'),
('{DDBF943E-25A1-4B6D-9C6E-9F0F89F277EF}', 'Debate Club', 0xffd8ffe000104a46494600010100000100010000ffdb00840009060710101015101012150f0f10101510100f1015150f0f0f101515161715151515181d2820181d251b151521312125292b2e2e2e171f3338332d37282d2e2b010a0a0a0e0d0e1a10101b2d251f252d2d2d2d2f2d2d2d2d2d2d2d2d2b2d2d2d2d2d2d2d302d2d2d2d2d2d2d2d2d2d2d2d2d2d2d2d2d2d2d2d2d2d2d2d2d2d2d2dffc000110800a8012c03011100021101031101ffc4001b00000203010101000000000000000000000001020304050607ffc4004c100001020205050a0b060307050000000001000203110405122131415161d1f00613225253718191a1d215325462929394a2b1c1d314162342e1f13363820743447283b2c22434647374ffc4001a010003010101010000000000000000000000010203040506ffc4003a11000201030203050507040105010000000001020311f0122104315113416191a1057181e1f114224252b1d1e2324353c11523336292f2a2ffda000c03010002110311003f00f8dadce7040020068109301a0013004ec035561027601a7600926204ec0345900276004ecb3e8008b2cfa00d1659f40045b310022d988048b2cfa0022cb3e8009590022c8012b201256004ac00958624ac009580490c1480900080048608004002001000800400d3102001301809adc0b1b04e5b96aa9b21cd13741ba6add3d8953dcaa5cdd6b3ccdcb09690ab3370096d34666e05cc833132b58c15b3f73373b313a09c97a1c3318d4d15912c54f2cf9968117cc6008bacfa8022eb3ea008bacb7ee008bacfa8022eb3ea008bacfa802599b809199b80257cc6009666e024b337004666e3129ccdc01201243052009002001031240080040020010008009200698813404db719f6655a2d84f736039974a673b02d274a7cf3e62bd8c960f373958d9e7d4e8ba0b1a475a76cc6171d83b1fd51679f515d1adad200c972e85759f3306eec734ef98c422d074e84f9e7cc69d8a5f073752cdc3a67a9a467d4a54666e6808ccdc01199b8023337004666e008ccdc012ccdc012ccdc048ccdc012ccdc012ccdc049666e304b3370129ccdc0120129182400a40498c12004002001000800400d0200152404a79bad5086d6cf5aa516c1b34d19e30c48cfa96f07dc63513e6690d71da4b5b4998b6919becf27e39542a7f78dbb4bc4d42009df35d31847f15cc7b418a2b4957d8d37defc89ed5a343a8d995f60ff000ee64aaf5287c1ce3ab52c5c1ae66aa654e629699698b9d3195c5853e7cea651b971958cc42caccd6e08b3004598025b8022cc011b8c495801200480496e00934024ac00a46248014b1892600a40490c10008004009000801a00602690809ea54058c6759c9ad691892d9be05109bcdcbae147bde7a1cb3ac96c8908161c0e13c73ad2341dee96790b5ea5634cc6413d2574f6515cf3d2fe8636eacacde678735c8bd35c97a7ee5f25637c2817e5c36c8aefd17a2fd8e694ec8b851f2fc556dd119769dc45ed02e22495a1eecf70d37dc57161ddc64e574bef2bacf02e32dccd128f9b1db42ca5453578fcff004368d432be1edaae5838f86791ba915edb5c95b3114551a14f9f269ec53285f3f8971958cd2db60b2d3e19ff00a9a84b6d8234f867fea01b6d7234e644612db6095b32201b6d722d99100db6b92b6644036dae4ad991016db5c95b31006db5c8b6621894db3100256cc4024ad988014db310092b66200523124c0148c10024002001000801a0091cdd6a8436895f9720f9aa5b6e27bec6ba251ff31c7205d54a9fe266156a7723b34713e718e60bd3a70daf23cf9ec5cea34f26376724e854db93b4488d4b1beaba3c091b4039ed322db9d2cd70b876e0b6a14a12e7cce6e267553fbbc9e67232ee862d96b4c3873938b640b86227832599571349a51714b3dc6fc045c9b52967c4df44a017f8ad91b33bdaba9d2a515ba5e872d5e23473fd4eb506af7b67300dc04aff00993f05949535c8e1adc4c656b67e842955643762db0738b87561f050e8c65c874f8a9c793be6753874cab1f0cda17b460461d2322e774e507747a54b8985456ef32900e8292df78ecf391b72314600e859c9467bae79b9d106d191c27874e9d2b9ddb2c6e99003224ad9628cf1d997ad6738ae7fb1ac1f71549459658b046d961891b658012b2cb002565960046d960125b658012d804a7618240090092012900498c4a40148c100240020015689746009689746049b9f69aa50974600c1d43155183e826cd14565a74ce4c8b6a54dca5768cea4b4ad8eac36e4ebd017a10a6d9c3266b86d95f8017e80339daf5ada5276599ea62f7d8ee543431492d33b0c71b24bf83213c5de6f673af4969a54f525767071551d1969eff459dfde7a9a0d5f4587062c37c20f8ee88008f834b46121957249cdd55520ecadbaefb9e7d5e32f4dc6d795f677d92ef56f13975c5060864882e17705b394c681cebb294dc9ee1c257aae574cd15531800930b78005e08cca6b37d4c78a73bbbcbbcf550a8d0cc12f2e93c1126117919d7972a9355124b6ea79ea3174e5373fbc9a49755d4e6d228a1c3838ae98d471e614eab8bdce6d22865b8024656cb6d4ba23514b99d94eb29733cc57754b870e1b5d2cad00920e819b4645cf5a16dd3cf33dae0f89527a24f7386fa2477ff731011e63af5c7da6f74f7f7fccf59454088ab637251279ac3954adfd49faf7f98dc95ec54eaba3e48313d072c9c975f5f99a222faba391fc18ba7f0de93946dcfd7e65453bec64356d23908deadeb1d4bafaff0023a2c2f06d23908deade8d4bafaff20b0783a91c846f56fd48d5e3ebfc82c2f07523908deadfa91a975f5fe4160f07523908beadfa92baebebfc8761783e3f2317d5bf5257f1f5f985846811f918beadfa917f1f5f98ac2fb146e4a27ab7ea4b39fcc089a245e4dfe8392ccdc2e889a3c4e23bd12959e7d42eba91309dc5775146979f516a5d48961cc7a94e9974cf31dd104b4cba0c14b8cba0c4a74cba0025a25d0624b44ba3004689746008d12e8c0a37fd0a7ed357f33f366ba09c27cf22b857ab2fc4fcd9325626f98c04d54aad65ca4fcd895883a290252bcdfa94be22aa56d4fcd94a29b35407c86187c57442b54b7f53f3661357674e8d18e044f3cb124dd2eb202eeeda6ad0bbf1dfbf3639274d3dcdd4269a444903f830cf088264f78ff881d9cebd3e0e2e5f79bbdbc7bf3d3de73d66a842ff0089fa2fdf3b8f6757b37b16cf4373e92ba6a3d7f751f3b5e5da3d28c75e6eae04318db7656b4f8a3ce3b4f24d70d4e2295057933a782f64559f3565e2799afb7545cdb10a344b61c0fe139cc6cb34c19ae4e378da525a28ef2f047b3c17b31425aa7156f1b3391037474b6b9ae31633834825bbf45bc0c97b97242a715169b8bb74b1dd3e0386926b4c6eff00f15fb1e9a81bba24c9cf7c339a2125bd7ad7a30e3b8693d3523a5f8a3c6adec256bc527ee3d8d555e36278c64e38106e23415d53a0ad78ee8f9fe2780953e474e911ed0907107210489ac630b3e471538697768f3eda6526d99b9ed03339c2c9194675d9d953b7247add951493495cf3b5d56b4d8112429549b2ebda0d2229e71e364d4bc5e268aa53db91eff0b355a9ee979239f1f7494b041fb5d22f177e3c5989ff0055ca21a75697c99d31a29f72dbc0c148dd5d3ef952e9432ffdcc69dd93c65c952eb63b29d18ae76f246766eaeb13853697ed31fbcb154efde6fa22bb9791276eaab218d3697ed31bbcafb0eac49458bef5d63e5d4bf698dde4d50daf71e95d03ef5563e5d4bf698dde54b864d7f50b4ae83fbd358f9752bda6377968b834ddb50695d3d03ef3d61e5d4af698dde57f615f98565d3d04774d58796d2bda237791f625f9c34ae8bc83ef0d38ff008da4fb445ef2d7fe3d5edad9368f45e4335d537cb291ebe2e8f3b4a6fd9c93b768f2c2b47f2af223e14a51c6951fd744ef2a8fb3affdc79f125a8fe55e456fa7520e3488a79e2bcfcd3fb034bfee316983fc2bc91598f14e319e7fadc7e6a97032ff002bf30d14ff002af2456e88fcaf71e77153f6395afdabf3f996a31e8bc8a8df894970b369ff00d57e7f32c894a5c2ce3fdc7e6309a87c3cff00c8fcfe6029a4e8cffc8fcc045cb29426bfb8fcc7622622c5caa2fc6fcc7a45bee859f6d53f33f31e92dfb3f9a36fea5cda42e68a3d1aec05e74f7974528ec65525b96ef13380bf6e32bb5d99dec5a28d375ed12d5fd49e9bc89d568971a20129374e5e8fccba69c1277e9bfedea65da377363aae8ad85be3596a6de0d9bdc0ba60195ac8db587182dd70f5746b8abfeb96bf998c788a4ea766ddbafc3e76f20dc8d1dc1ee322c0d337e22d4b06c89cff0025dfecea2e9c5ede1f1eff002ce44fb52a47425cefcbf73b1ba0ae9d62cb449ce989e40d18917f47eeaf8eaca846c9ee70fb3f805af53e599f43c43e1dabc890c6f9cf9cf0b15e051a4ebc9ce7b451f477d3b22a6709c18c6de4c848127aa6b67c528b54e8207b2d5267a21b8da41139998c960eb9aeff00b257ff002af2f99e4bf6c504ed6f53934fab62c0fe23016ce45e2721ce260858d65569ab71114e3d572f966e77d1e269d6fe87bf435d4d4f7402063049c32b348e12746a4b8569a77a6fd0cb8ae1d575ff0097ea7d16a9a60778ee0e70bda0625a70cabd69d9ff0049f23c55071fe95646aac238203da263032f999a54a367a59850a6d3d2d9e5eb782e8a3c405ace10902652194cf37fb57371d4dc97b8f73859469f7eef3f5fd4f3efa05a9dc2ee7efaf25c2e7acaad883aae18d9079e7d3f9d695a29b52ebbfee546b3e4562852c182ee7fa8b24ac6baee28b40f3063a7ea2a90e13cc4562aff003076fd550af634d7988b055de60edfaab54dd89d79889b6acfe5b7b7eaad13770d7e39e44c557fcb6f6fd65aa9b57275f8e79131557f2dbdbf591a98bb4f1cf234d3eaa870e0c27430d891e2b9c1f064f0f60610459fc475a044e725ba9bd4fa7cbdc670a92949df92296c2639e0368513844090df05e720be58957a9afc4372b2bb92f42ca45510e14730e239d0cc37ca2c08961911847e525ce00f44f9d109ca4b6dfc414db8dd22c7c1a21fcac1a0456fd545e765fb7c894ea043ab68f166d87263c0982d78887a5a1eebb0cd910a738b4d839ca3cce053a8af84eb0f1232b8e470ce0e5449ea4add11d30927ba1b28110cad35cc61168c42d365acc4ba796ec989c12d4b4bdc1cd77108a60d9364440e98b25c5a44b2cc01cca1dd73f01ad57dcca4ace6dbbfbcb16a537b2e7dc045cb9ea6ef3c0a44171b65112b9dbdc66bdefcd1dbdd59d89b9a60c3b870461a7baba60b6319bdcb61c3bfc51dbdd5515b9127b1651e1dfe28edeea74d6e4547b1a8439ba5218019752ec82d9fc11837689eb6930c358d6c8480f870464d0be8292b591e0424e526f3a9d6a3d5cd10279489df7df2d7250eabd67054e264eadbb91f3cdd2d09ec75a21a5a4886d91339013c2ced20bc4f6ad3a8e4a4f93763ebfd9f5e138d95efcd9cca1d0f7d8ad8404862e96321d1d1d29f63aa70e1a3cb9bff00674d6add9d3753c8fa436afa3d0e098c435b10325312170c0685e9a54e9b728a4925cfc11f22f88afc5d5ec936d5cf3703fb4078792e85c095cd9ccce574d797ff002b16f786defdcf5e7ec083824a5b9daa2114d81beb8005d3b2db89979fcf9b25cbd7a35555a69dbeebeef03cfaabec75bb38be59b1e129f42de633a14b82784d9e2066c321042f2dd154ea4b877fd2f759e07d2d0addad353efef3d1ee218c06d168b61d61d8caccaeba5d0b6f66412a72fcc9d9fc0f2fdb2e6d593dad73e86ca3b4b0b653bb2deba9cdea4cf907524a699cb8d0c112909112234619b338addeeac77c24d3b9e1f7993c8b23091c7babc36ad268fa7d578a652f85778adedeeaa96f4d7c4d54b7e667741bfc46f6f71626ea5b7313e00e4d9879ddc54f90e32f12b6d1c726cf7be9aca2b635d5e25828e39367bdf4d6ab913abc498a38e499ef7d356af716af1cf32c1461c933defa4b5e6d937f1cf32428a39287ef7d24ddc3578e7997c2a2cc802143c643c7004ffd2b96b7df3a7bc872db9e799a691406329112031b0629821aedf18e365d300f07f0e730b4d5749efbe75214db85df7917c02e7173a131ce2665ce2f2e2749306f4a12b3b5de7c42e92b279e640d104bf830f0f3fe8a1c9e9d9be59de3d5e39e642250448380147783c08ac277bb58597f05a473cb2f417093befb8f5fc4f4d546e62914ea3931a15ecbcb9b294f38cc7b3ae4b0a95214ed67cce49579466fb3574b99c8147fb3d24384080f304874a2076f4eb23f30dec80344ca7ce2d2b9ba9aab4f9f330c2a7c394473a506dc52f6b196de1b337c806705b9bf44eaaebd11aa83564b72a756507953e8bfbab3707bedde5e89742b35941e54f53b528d3fa0f44ba153eb085ca1ea76a594d6e5284ba143a9d0b94ec76a5ccca517d0a4d321f1fb1da962da2b4be865b633b7ac2c2e5d8d309e258b70ce174c1ec6125b9643789e2dc0e519954799325b1d0a23011f972665d74a9a7172f71c7564d336c18237cfcb885bc56f6f139a751e83d7b688d7dc6570d39caf5f569dcf9e75a50dd1de1456d800ded1880653174ef5c4ea3d5b1e6aacfb4b9f34ddc965b1605987bebacb5ce9900e009cab3e3d34a96bea7dafb27752f71c7dcd4cd2f82e68b84e62d4db69b70beec8a28293e32567dde9b1d7ed0b7d9b74f11e93fb438514d1dae37b4599903afe4afda093e1de9ee6ae78fec39d355a49789f399af9bef3eacf69b8b8919909c5ac7bd84b882db244aeba448cb3ed5f43ecc94a34374dabbb72fdfa9e07b5614a7516a924fe3fb1cddd1d26dc764da58f16ad878b394741c0a389a8a7c4c2c9ab27cf63b380a5a293b34d775b73a7b8e337ba444adb05c72cd69c07fdcabeff00dce5f6b6d08fb99f546515cd6079949ed9b70339191e654ea2949a5dc7c5544d59b5b3e5f0763894864ae985d89dceda6efb9e363b3f19dc26f8ceca3395e54a17937e3fb9f4b09ffd25b77233c701bf999d614c95a36f13684b5331ba2b78d0f01f982e73ad207466cbc68787186b54c12dcadb1dbc685e9375ac97236b32c6c76f1a17a4dd6ad7225c5f42c6d219c785e9375ad63cc5a5f42c148671e0fa4dd6afa93a5f464c5259c783e9375a62d2fa33440a4b2d0e1c1c460e6cfe2b57cf3a12e2edc98ea0a451cd363ef8e25af63843b24f09e1be75c4039fa2e5a54be956b135633ecd58d401fe5f62cd589020cbfbbec55b690dae5d05b74886df904a441cfcf7a1584cead53ba2894584f830e418e16645e7c5c971375d996738427672ee3074a7a9e895b573385498ae7b8b8d899ce667ac954da699d14e0a1151450e9ff2fac296688c759d550e21b5e2ba77904343b499e5fd543762e151ad8e7baa56f1bde6ea4396df034ed595baa76f1bde6ea584d94aa3297554de37685cf22bb46546ac6f1bb42c1c4ad651bc378bda75ac2c8bb97c36b00f172673ad6f19452b194936c930b67e2769446a2bf21383b733a357c41295995c3295e870d3bc24bdcce3e229efcce9c122d4c8c833ad93dce29c76b23d1d5e62b9c092435c3127a45c3fcc7a97ab4a5785e4791c476718b4b9acff0047a8a335c592cd97f75cd36948f0ea38a95cf9e6ec2a57173dc5c5d6786d877cb31e992cb8de1e55a9f689bdb923ebbd93c6c74c63a6ddcd9e4a046de62362b45c2e701941c76d0b9dd569c38987c57ea7b9529f69074d9f42835bc2a4420c88439afe0b0e433c66345ebd68ba734a5077523e565c1d4a151ca1b35cce6d63b89a359df1910b5b399911e2df3c6e0b827ecda137b5e3fa7a9d743db75dcb44a3765d4aafe0d059bcb24e040165b227fcd21805d15f88a3c3a8eaf825d0ce9fb3eaf192ed25b7bff43c652e3eff0015d15c3838301c643627a57076bae72e265cb92f71f43469765054d7c4f43b8d10e621805af73ed137ca42e17ed815afb2eac55392ef6db3ccf6ba9a5afb923e9119cf86c26e75d748cbe2baa2a3391f19050a934b91c4752899b9c241a3a44af387f94ae995a28f5151b5a31ef3c9c27b1cf26ce9c4e2bca53dbe27bf3a6e31b5caa98d6112b3da565564ac6b4632e66175161cfc4ed76b58b3a937607d121cbf87938ced6a9bd8a8b77e654da0c2e4fde76b592e46badf526da0c2e4bde76b5ac64ec2d4fa960abe0f25ef3f5ad149dc5adf52c15741e4bde7eb5a29bea4eb975262ad83c8fbcfd6ab5b5de2d72ea5adab20723ef3fbcb5ed257e796275cba928f570225086f136d971682e716e699374f2e79055da75254faee3ab772ef8ce2dfb48852697db8b3632e139136ae49554b7b37b8aa5751ee2e8bff00550d91442850ac3041218d8a03cb3836e62200e2653372ad5a6eaefd3f6260b43b5f3d77210a8b11866c2d6bae16acc471b22fb3c2886ec50a49bdf3d0b724f9e7a1a5f7de5a6671939c04f9a772c6f6e42440b4714fa6fd685c9ee320e68e29f4dfad290d12a4e184efc012dcf9b6bd672144c8e038a7d276b49bdbe0594bc79a7d276b58c8b46778f34fa4ed6b9e4522970d07d276b59328e2fdace6f86a5c9a8df493871c9e8e6d4ae1764cac8b83a472f66a5a68b32351d2a04701d863cd97a17a1c2b4a76ebb799c55d3713ace8d74f37361d4ba5ec7025b9e82a7a6874390bdccc99657cbfe43a977f0d24e363cbe2a8b53bbe4cf4554534c4c9269f8e509d7a6a2791c55050f7857356078b6d1c3031ce332546adb67c8383e29c1e97c8f96d7d563e138bd8d2584f09974d87aaf0b8f88a13e1a4ea535783e6bfd9f71c1f171ab15193dfb9f53cf920f8a657ce53c0e75c4e853adf7a8cbe07a3bae66d8b5ad21d09b04b886b72873ad385f71befc56d28f172a4a974efef7efdce78f0d46351d4b6efdc61000bddd4b05c353a3f7ab48e9bb7c8ead12811e2b2d3186cce4d6dd69c338125aca8d7e263aa31b45725fece59f114694b4c9ee7d2772d553e040b25de338447364d907812164ca7200f4af42950851492e67c8fb4f8f55e7a5722badebc10c131261a2e12cbce39fe6bba34a318ea170bc039d94399cba6d64d6c0b8da312e3294efbccc4aeba5e92e6e26ac74fdd7cf63ba8f0cdd6df6b667b8e0b635c4cb132c9a979f34af6e9b7ee7a8efb2b98a2d34da95f21a477572cbfa8e9847ee9578409c989cedeea16e69a1118d599193139dbdd5522a14ca856a731eb6f714a5b1a7664c56c78a7ad9dc5a456c2ecc98ae0f14f5b3b8b551bbd85d91215d1e29eb677168a1cc5d912f0dbb8a7ad9dc44a0ee2ec91a28dba1731ed7d8b565c1d271616995f23c0c16ee93bbbe6c44e8a946d7215cd7512911dd1c03037c368c386f70860dd3b2320d0a9414525cf1053a4a11b7fa32c2a6c6066223f1978ee3cf956908277dbbc6e31e87560ee95eda343a3ef4c0d836acc4606b623a64936c969b4a3b24ef2dccbb05adcafcca857aee29eb67d3550a5779fb95d922b35f3b8a7ae1fd359ba7cac52a4889af9dc53d70fe9a4e9fdd6576445d5ebb8a7ae1fd34a74ff00d02a47460d650e336e76f6f0784c7113e824198c34dcb9e516ae43838b22e70e507b9dc50fc7a0ecfa153dc3941ee7756531a5e050f70e38f77bab9db45a4ca0b871c7bbdd59365a471378d2b1fb355fcafc99aeb2c810a471c5694f87aa9ff4bf2644e5b1af79d2ba1f0f53f2bf231d65b0da45f3c360aa346a2fc2fc88934f63ab01c5e31c44885dee139a52b3df9fbce29a506742a9260bef3318119c6d7f42ba119d377b1c9c4daac763d8d0e2ca4419b4de08c04f6f92f424b523c0ab0bf3e675a0d2c3f826ee7cab9a54dc77382745c7ef231d6353b5f7ca4738c7f55ad3af6d99d3c3f18e1b1e4ab1dc535e49deccf8d0e6d279c60b1adc270b55ddab3f0d8f7687b6dc559cbccc03fb3e8845a0235906ce03137ae77c0524eddacbccecff009d8daff74ea503702181af2c9924f8e6dbdb2ca582e1a0ad2970dc253972bb5dece3afedd725b4bcb2e7aeaaaa46c3bc836b39c7f45b55e22fb23e7b89e3a55365c8956131c1683cc05e7993a5beec9a167bc8f295c55b169040fb3c47861044a1bc89e4c061fb6256d5aa538d3b369fc73e27d0f0351524f4c96fe2b33c0e3522a1a64eea3c771ffd3109bf29bb3ccaf294adf7dbf77bf373d285683daebcca5f52538097d8e92e95c2cd1e313d56573caaa8a37828c9ecd79a31fdd9a7c89fb1d2a67ff1a3cffdab053dae755d276ff6880dcc53fc8e95ecd1bbaa94ec1a9755e68a62ee5ab1385069647ff346eeace75d5f91b41ab7cc87dd4ac7c8697ecd1bba92e236e45ea5d7d43eead63e434bf668ddd56b8a495b48b52ebea3fbad58f90d2bd9a37755fdb15efa4352ebea1f75eb0f21a57b346eeaa5c72dfee8aebafa88ee66b0f22a57b3c6eea1f1a9fe161a9755e61f77a9c3fc1527d9e2f756bff20af7d0c578f55e63352d37c8e903fd08ba3cdd0a9fb46eefa1e589fbbf997991f05d2863458fd306277538fb42dfdb626e1f9979959a152063478a39e13c7c952e3ddadd9b27543f32f3457f678a3184f1cec70f92a8f1d25fda7e41ae9fe65e68a9f09f958e1ced2a1f19376ffa4fc8b528f55e65679a48fb54ecd764fcbe4591294b8a9b56ecdf9008859baf37fdb7e430b2976d3ff1bf20b88b16729d47fdb7e43b91ded62e351fe07e43d42de74acdd1a8ff000bf21eb26b3d72eac81cd1ae5d581b213e639fe2ba6351b5cce792b326c74be6a94e4bbc968df428d66ec9b5ebb387aba7eebe4f2e735686adcea4e6348c0e75d32ba6717266cab6b6b26c3bc4ed1fa685a52ace2eccc2bf0ba95d733d1428c1c01067943819feebb534d6c7933834ec7428f4e23c6bc64388594e927c8e4a9413e47468d4a6b82e69d368e4a94a51271623128c58a31914be9ad6e856a9365aa3291922d644f8bd66e0b58d05de7447864b99cfac2317b4f08b257da9cbb7205a452823ae84141f2b9e663d31e307b867939c3a973ca3adddaf4f91ed538f8191f4e8bca3e67cf75c165249f77a7c8e88c51c8a6565189e0c68a06888f1d2b8eaa4decbd3e47a345695b998d69489dd1e2e8fc47ac6cba7a7f136b16f85e3e062c5e7df1f8ab56e9e9fc48d0526b3a472f17d63d45974f4fe269c85e12a472f1bd63d2d2ba7a7f11dc3c2748e5e37ac7a34ae9e9fc42e1e13a472f17d63f5a34ae9e9fc405e12a472f17d63f5a565d3d3f880bc2348e5a2fac7eb45bc3d3e402f0847e5a2fac7eb4ade1e9f2011a746e5627ac7eb4b3360d88fdb22f2913d372599b0591134989c77fa4e4aef3e82d2ba11319dc677594b53cfa0f4c7a112f39cf5a5aa5d73c82c8892a754ba8c49394ba8c4a75cba8029d72eac608d72eac011ae5d580235cbab0128004016c07c8cb215a53959d889c6e6a9ae8e662590dffa155164c91ba0d2321c9d8bb69d54d6997d3e4734e9f7a34cc1d0721ceb67d25f079dc61ba34d169f1211d1941bda554672a7bf77a1954a10a88edd16ba63b1e09eb1d63e617543888be679f538292e5b9d4814b04705c0e8123f0d4b4d516714e8d9ee89c48d3c7e7a95249722634edc8a225298dc486f3903e27e48734b9b348d294b92660a5574c6e1c3392570eb3f20b275a3c91d54f8293e7b1c98b58be299649dc05c0151772de599e677478785357288a2ece7b144a7b591a45ee71e974ac83f75c73a8b92ff00477d2a5dece7447feab99c9658eb488832bfa92db2c314d2bacb004d17596009a2eb2c309a2eb2c024aeb2c008bacb002575960125b658012db2c0096c3129d8026930053b0c490094b0052c04a4608004002004818200100698117265f8ade9cfb998ce3de5fb732d8cc9b227ef9952958968d50a3cb6b8aeaa75acacf759c8c254ee6b87181d457445dffa1fc1e6e6128344e434b7e09b6aff0079585766b6cc60415692fcc60ecfb8ae339f3c4619d55977bf52a2a362a33ce022f05df9e869b7415da4f6049d54b967a86e41f1c0d41652a97efcf32942e511a944fcf374ace556f9f33585248e6d2b38e9da6b9e6fbd67ff00a3b29f466619f63dab2d599235113b6c51ab3241609edb146acc905827b6c51ab324013db628d59920b04f6d8a356648027b6c52d59920b0a7b6c52d59921d827b6c51ab3241609edb14b56630b0a7b6c52be6300db6bd2be63009a9be630b0a695f318c26a6f98c0495f3180296c625202480103040810312400800400d3034418d9f1ceb7854ea6528743405b190c3a4a93684d16b22f476856a443897c3a4118765e17446bcd65cce54d3340a7e7f985aae2177afd5193a045f4c07375a52aa9f256f88d516881a4ec2f51da0fb220f8e7f7b927365a8229745e9ec0a5c8b51205c4ea4aecb4ac2da4981922ca777ecb1973378f220a772869ee008dc0496e008bb004b7004b701237009a40090094b1824c026a404900948c14b0129182402400200100081820010008102605b0e311a42d6351a21c1334b2283a7e2b78c9332716898da6ac904ecf3e821879ce9dde7d02c3df0e755779f4169405e73a2ef3e81642927679f4185dfb276cc4045d100d1f149bb67c8a516ca1f189c2e1dab3726f3e468a162bdb6b94e66c586db5c8ccd8036dae459e7ff00201b6d72333ee806db5c8ccd8036dae4666c01b6d72599b0092ccd801199b002599b0092ccd8014e66c304b336012599b002960252c609301290040c100080040848182001003400200269887354058d8c469e75a29b44382658291a3a968aa12e99314819d5f68b3e84f66c7bf8cfd9fa2ad6b3e82d0c3ed033a3b459f41f66c83a3e84b5acfa0d5320e8a4e8e649c9e7d0b5048ad4e66c50d16cc4204ed988011659f400db6b916cc4008b6620045967d00495b36fd8608b662004ad9880116cc4009666c024b336005399b002599b00920052312400a460800400900080040092182001000801a04134c0734ee204ee01355701cd3b804d3b80e6aae209a77009a2f98c0269df3180e69df31804d1759f5009a2eb3ea0134eeb3ea0134aeb3ea01345d67d40268be63014d17cc60134af98c02695f31804d2b80a695c6134ae0134ae029a9b804d26c053523040024312001000800401ffd9, 'Managing debates.', '2017-04-20');

-- --------------------------------------------------------

--
-- Table structure for table `tbl_club_member`
--

CREATE TABLE IF NOT EXISTS `tbl_club_member` (
  `ClubID` varchar(40) NOT NULL,
  `MemberID` varchar(40) NOT NULL,
  `Name` varchar(40) NOT NULL,
  `Designation` varchar(50) NOT NULL
) ENGINE=InnoDB DEFAULT CHARSET=latin1;

--
-- Dumping data for table `tbl_club_member`
--

INSERT INTO `tbl_club_member` (`ClubID`, `MemberID`, `Name`, `Designation`) VALUES
('{F00B25C7-BEBE-4F86-A0B1-E70F54F14A49}', '{C28837AB-74B1-468C-AD1D-09494C73BD6F}', 'Himel', 'Designation'),
('{B96B2DBC-EE12-4D3D-9046-73F58AD789B8}', '{5EE1EBA9-32B4-4A60-8CC0-A78628E1E9E7}', 'ss', 'ad'),
('{B96B2DBC-EE12-4D3D-9046-73F58AD789B8}', '{2BF253A3-DD50-403C-957A-C493CE73DA61}', 'f', 'sd'),
('{4A798AA3-BCC8-4537-AE0F-B08B13406101}', '{5A3234FF-96D9-4756-98B6-19AC4609AE8D}', 'sdas', 'bvnhgj'),
('{6999FAE2-6385-40D0-AB68-7B69C9D538A9}', '{B51CEF29-F7D3-4ED3-9F13-47A6CB74913C}', 'Mushfiq', 'President'),
('{6999FAE2-6385-40D0-AB68-7B69C9D538A9}', '{0EBD3875-41D1-4E44-B2E0-5BF23E072F3F}', 'Himel', 'vice-president'),
('{B0E3F1C6-922C-4B0C-BB61-329FC1B134F6}', '{D1ACD9A1-0A48-497E-B69F-5B736DC0BC7D}', 'Himel', 'President');

-- --------------------------------------------------------

--
-- Table structure for table `tbl_club_module`
--

CREATE TABLE IF NOT EXISTS `tbl_club_module` (
  `ClubID` varchar(40) NOT NULL,
  `ModuleID` varchar(40) NOT NULL,
  `ModuleName` varchar(50) NOT NULL,
  `IsVisible` tinyint(1) NOT NULL,
  `PositionX` int(11) NOT NULL,
  `PositionY` int(11) NOT NULL,
  `SizeX` int(11) NOT NULL,
  `SizeY` int(11) NOT NULL,
  `Content` varchar(500) DEFAULT 'Nothing to show'
) ENGINE=InnoDB DEFAULT CHARSET=latin1;

--
-- Dumping data for table `tbl_club_module`
--

INSERT INTO `tbl_club_module` (`ClubID`, `ModuleID`, `ModuleName`, `IsVisible`, `PositionX`, `PositionY`, `SizeX`, `SizeY`, `Content`) VALUES
('{4A798AA3-BCC8-4537-AE0F-B08B13406101}', '{02424DA6-0FC1-4F44-81FC-76BCA53CFF9B}', 'sfs', 0, 0, 0, 0, 0, 'drdyfgn'),
('{4A798AA3-BCC8-4537-AE0F-B08B13406101}', '{A8029EA8-43D4-47C0-A473-F6932872F26B}', 'fg', 0, 0, 0, 0, 0, 'cbcvhfc'),
('{B96B2DBC-EE12-4D3D-9046-73F58AD789B8}', '{C5370FEC-AF60-42D7-BEEE-07287D816D47}', 'News', 0, 0, 0, 0, 0, 'sdfghj\r\ndfghjk\r\nghjkl\r\nsfkjhkufheuofgjkjgciusdbfjbeui\r\nasvfiayf buf\r\nzbcu'),
('{B96B2DBC-EE12-4D3D-9046-73F58AD789B8}', '{69864430-26A7-4626-8360-A4D5852D7577}', 'Achievement', 0, 0, 0, 0, 0, 'hAVDhv. lhdkgawkh gkhku gwkg ih kuy li oiiohwr bhlio;yi ; awp oyo yl b;o poirh ;ohi ;ohliwhr r; j;oihl/wirhwrpihrugefrbgl oe;ufhlef eh heilrfh'),
('{B96B2DBC-EE12-4D3D-9046-73F58AD789B8}', '{54B3A03A-9235-4B67-AB69-6F1A8BE1FAE5}', 'sdfgv', 0, 0, 0, 0, 0, 'asdfc'),
('{B96B2DBC-EE12-4D3D-9046-73F58AD789B8}', '{F06DA1A2-38EB-4CFC-BCE3-9A8321FE5A9A}', 'dxgfchvb', 0, 0, 0, 0, 0, 'asdf'),
('{B96B2DBC-EE12-4D3D-9046-73F58AD789B8}', '{BB8F56F6-EA48-4822-BEEC-FC2E182149D4}', 'raesd', 0, 0, 0, 0, 0, 'asdvf'),
('{B96B2DBC-EE12-4D3D-9046-73F58AD789B8}', '{8C755736-AC15-41A7-AE80-609B51ED551A}', 'sdfvb', 0, 0, 0, 0, 0, 'asdfvc'),
('{B96B2DBC-EE12-4D3D-9046-73F58AD789B8}', '{931B82D5-B609-467A-B098-85895D5A8613}', 'zxdfcg', 0, 0, 0, 0, 0, 'asdvfv'),
('{B96B2DBC-EE12-4D3D-9046-73F58AD789B8}', '{113BDA37-E0AA-4FC0-8298-BCF35A976E06}', 'asdxc', 0, 0, 0, 0, 0, 'ADfxvb'),
('{4A798AA3-BCC8-4537-AE0F-B08B13406101}', '{3AF40B7A-E2A6-4266-A094-6B29AFB0FC7A}', 'sds', 0, 0, 0, 0, 0, 'vcvfdg'),
('{B96B2DBC-EE12-4D3D-9046-73F58AD789B8}', '{A078481C-DC7D-4756-BAE5-E9AE732BF679}', '', 0, 0, 0, 0, 0, ''),
('{6999FAE2-6385-40D0-AB68-7B69C9D538A9}', '{E41F30E7-33E6-4DAF-AED6-91F5EFD457F3}', 'News', 0, 0, 0, 0, 0, 'Some projects are to be done                            Contests are upcoming'),
('{6999FAE2-6385-40D0-AB68-7B69C9D538A9}', '{CEFBC7E6-3E24-41C8-8FFC-F7BE64AC26C3}', 'Notice', 0, 0, 0, 0, 0, 'General meeting-24/04/17'),
('{6999FAE2-6385-40D0-AB68-7B69C9D538A9}', '{44E315C4-051B-415D-9E73-93210BE22469}', 'Achievement', 0, 0, 0, 0, 0, 'Lots of achievement within few times.'),
('{B0E3F1C6-922C-4B0C-BB61-329FC1B134F6}', '{1778955D-26AA-4754-82EF-557A2F1D48BF}', 'Notice', 0, 0, 0, 0, 0, 'asddv dsfsd sdfgbsdadADAX SEFASC'),
('{DDBF943E-25A1-4B6D-9C6E-9F0F89F277EF}', '{CF841F7E-BA3C-401C-979C-63A78F98D40F}', 'a', 0, 0, 0, 0, 0, 'shjda sdgjsa kb kasduh');

-- --------------------------------------------------------

--
-- Table structure for table `tbl_course`
--

CREATE TABLE IF NOT EXISTS `tbl_course` (
  `ID` varchar(40) NOT NULL,
  `CourseNo` varchar(40) NOT NULL,
  `Title` varchar(100) NOT NULL,
  `Credit` double NOT NULL,
  `CourseTypeID` varchar(40) NOT NULL,
  `DisciplineID` varchar(40) NOT NULL,
  `IsDeleted` tinyint(1) NOT NULL,
  PRIMARY KEY (`ID`)
) ENGINE=InnoDB DEFAULT CHARSET=latin1;

-- --------------------------------------------------------

--
-- Table structure for table `tbl_course_marks_attendance`
--

CREATE TABLE IF NOT EXISTS `tbl_course_marks_attendance` (
  `CourseID` varchar(40) NOT NULL,
  `TeacherID` varchar(40) NOT NULL,
  `SessionID` varchar(40) NOT NULL,
  `TermID` varchar(40) NOT NULL,
  `StudentID` varchar(40) NOT NULL,
  `ClassDate` date NOT NULL,
  `IsPresent` tinyint(1) NOT NULL,
  `UseFace` tinyint(1) NOT NULL,
  `UseFinger` tinyint(1) NOT NULL,
  `UseSheet` tinyint(1) NOT NULL
) ENGINE=InnoDB DEFAULT CHARSET=latin1;

-- --------------------------------------------------------

--
-- Table structure for table `tbl_course_marks_attendance_publish`
--

CREATE TABLE IF NOT EXISTS `tbl_course_marks_attendance_publish` (
  `CourseID` varchar(40) NOT NULL,
  `SessionID` varchar(40) NOT NULL,
  `TeacherID` varchar(40) NOT NULL,
  `TermID` varchar(40) NOT NULL,
  `StudentID` varchar(40) NOT NULL,
  `TotalAttendance` int(11) NOT NULL,
  `TotalClass` int(11) NOT NULL
) ENGINE=InnoDB DEFAULT CHARSET=latin1;

-- --------------------------------------------------------

--
-- Table structure for table `tbl_course_marks_result`
--

CREATE TABLE IF NOT EXISTS `tbl_course_marks_result` (
  `CourseID` varchar(40) NOT NULL,
  `TeacherID` varchar(40) NOT NULL,
  `SessionID` varchar(40) NOT NULL,
  `TermID` varchar(40) NOT NULL,
  `StudentID` varchar(40) NOT NULL,
  `MarksID` varchar(50) NOT NULL,
  `MarksValue` double NOT NULL
) ENGINE=InnoDB DEFAULT CHARSET=latin1;

-- --------------------------------------------------------

--
-- Table structure for table `tbl_course_marks_result_publish`
--

CREATE TABLE IF NOT EXISTS `tbl_course_marks_result_publish` (
  `CourseID` varchar(40) NOT NULL,
  `TeacherID` varchar(40) NOT NULL,
  `TermID` varchar(40) NOT NULL,
  `SessionID` varchar(40) NOT NULL,
  `StudentID` varchar(40) NOT NULL,
  `MarksTotal` double NOT NULL,
  `MarksGrade` varchar(10) NOT NULL,
  `GPA` double NOT NULL
) ENGINE=InnoDB DEFAULT CHARSET=latin1;

-- --------------------------------------------------------

--
-- Table structure for table `tbl_course_marks_setup`
--

CREATE TABLE IF NOT EXISTS `tbl_course_marks_setup` (
  `CourseID` varchar(40) NOT NULL,
  `TeacherID` varchar(40) NOT NULL,
  `SessionID` varchar(40) NOT NULL,
  `TermID` varchar(40) NOT NULL,
  `MarksID` varchar(50) NOT NULL,
  `MarksHeader` varchar(20) NOT NULL,
  `MarksMax` double NOT NULL
) ENGINE=InnoDB DEFAULT CHARSET=latin1;

-- --------------------------------------------------------

--
-- Table structure for table `tbl_course_resource`
--

CREATE TABLE IF NOT EXISTS `tbl_course_resource` (
  `CourseID` varchar(40) NOT NULL,
  `ResourceID` varchar(40) NOT NULL
) ENGINE=InnoDB DEFAULT CHARSET=latin1;

-- --------------------------------------------------------

--
-- Table structure for table `tbl_course_sessional_type`
--

CREATE TABLE IF NOT EXISTS `tbl_course_sessional_type` (
  `ID` varchar(40) NOT NULL,
  `Name` int(11) NOT NULL,
  PRIMARY KEY (`ID`)
) ENGINE=InnoDB DEFAULT CHARSET=latin1;

-- --------------------------------------------------------

--
-- Table structure for table `tbl_course_student_registration`
--

CREATE TABLE IF NOT EXISTS `tbl_course_student_registration` (
  `StudentID` varchar(40) NOT NULL,
  `TermID` varchar(40) NOT NULL,
  `CourseID` varchar(40) NOT NULL,
  `SessionID` varchar(40) NOT NULL,
  `IsRetake` tinyint(1) NOT NULL,
  `IsApproved` tinyint(1) NOT NULL,
  `IsDeleted` tinyint(1) NOT NULL
) ENGINE=InnoDB DEFAULT CHARSET=latin1;

-- --------------------------------------------------------

--
-- Table structure for table `tbl_course_teacher`
--

CREATE TABLE IF NOT EXISTS `tbl_course_teacher` (
  `CourseID` varchar(40) NOT NULL,
  `TeacherID` varchar(40) NOT NULL,
  `SessionID` varchar(40) NOT NULL,
  `TermID` varchar(40) NOT NULL
) ENGINE=InnoDB DEFAULT CHARSET=latin1;

-- --------------------------------------------------------

--
-- Table structure for table `tbl_course_teacher_registration`
--

CREATE TABLE IF NOT EXISTS `tbl_course_teacher_registration` (
  `TeacherID` varchar(40) NOT NULL,
  `SessionID` varchar(40) NOT NULL,
  `TermID` varchar(40) NOT NULL
) ENGINE=InnoDB DEFAULT CHARSET=latin1;

-- --------------------------------------------------------

--
-- Table structure for table `tbl_course_type`
--

CREATE TABLE IF NOT EXISTS `tbl_course_type` (
  `ID` varchar(40) NOT NULL,
  `Name` varchar(30) NOT NULL,
  `SessionalTypeID` varchar(40) NOT NULL,
  PRIMARY KEY (`ID`)
) ENGINE=InnoDB DEFAULT CHARSET=latin1;

-- --------------------------------------------------------

--
-- Table structure for table `tbl_discipline`
--

CREATE TABLE IF NOT EXISTS `tbl_discipline` (
  `ID` varchar(40) NOT NULL,
  `Name` varchar(50) NOT NULL,
  `SchoolID` varchar(40) NOT NULL,
  PRIMARY KEY (`ID`)
) ENGINE=InnoDB DEFAULT CHARSET=latin1;

--
-- Dumping data for table `tbl_discipline`
--

INSERT INTO `tbl_discipline` (`ID`, `Name`, `SchoolID`) VALUES
('{0CF37516-06FE-41CD-93AD-D2D1652509D6}', 'Mathematics', ''),
('{560A0FC0-6221-497D-8D41-E584EE4BBEE3}', 'Architecture', ''),
('{63F3C00B-6168-4FBD-AB01-7A1FE413BDDE}', 'Statistics', ''),
('{AF41CC9F-3BCD-4952-9D02-17184CC40C79}', 'Urban and Rural Planning', ''),
('{B34A0580-0B92-49BD-84FB-929297B104C5}', 'Electrical and Communication Engineering', ''),
('{E03C2DC3-CAF3-477E-A851-0C11DF93FD3B}', 'Chemistry', ''),
('{E7280448-E379-424E-A11D-357F4334AC8D}', 'Physics', ''),
('{FFDB1CB8-AF34-4381-8971-9784DCB516C5}', 'Computer Science and Engineering', '');

-- --------------------------------------------------------

--
-- Table structure for table `tbl_discipline_resource`
--

CREATE TABLE IF NOT EXISTS `tbl_discipline_resource` (
  `DisciplineID` varchar(40) NOT NULL,
  `ResourceID` varchar(40) NOT NULL
) ENGINE=InnoDB DEFAULT CHARSET=latin1;

-- --------------------------------------------------------

--
-- Table structure for table `tbl_discussion`
--

CREATE TABLE IF NOT EXISTS `tbl_discussion` (
  `ID` varchar(40) NOT NULL,
  `Title` varchar(150) NOT NULL,
  `CategoryID` varchar(40) NOT NULL,
  `Description` varchar(300) NOT NULL,
  `Tag` varchar(200) NOT NULL,
  `CreationDate` date NOT NULL,
  `CreatorID` varchar(40) NOT NULL,
  PRIMARY KEY (`ID`)
) ENGINE=InnoDB DEFAULT CHARSET=latin1;

-- --------------------------------------------------------

--
-- Table structure for table `tbl_discussion_category`
--

CREATE TABLE IF NOT EXISTS `tbl_discussion_category` (
  `ID` varchar(40) NOT NULL,
  `Name` varchar(40) NOT NULL,
  PRIMARY KEY (`ID`)
) ENGINE=InnoDB DEFAULT CHARSET=latin1;

-- --------------------------------------------------------

--
-- Table structure for table `tbl_discussion_comment`
--

CREATE TABLE IF NOT EXISTS `tbl_discussion_comment` (
  `CommentID` varchar(50) NOT NULL,
  `DiscussionID` varchar(40) NOT NULL,
  `Comment` varchar(300) NOT NULL,
  `CreatorID` varchar(40) NOT NULL,
  `CommentIDTop` varchar(50) NOT NULL,
  PRIMARY KEY (`CommentID`)
) ENGINE=InnoDB DEFAULT CHARSET=latin1;

-- --------------------------------------------------------

--
-- Table structure for table `tbl_file`
--

CREATE TABLE IF NOT EXISTS `tbl_file` (
  `ID` varchar(50) NOT NULL,
  `CreatorID` varchar(40) NOT NULL,
  `Name` varchar(50) NOT NULL,
  `Link` varchar(150) NOT NULL,
  `DisciplineID` varchar(40) NOT NULL,
  PRIMARY KEY (`ID`)
) ENGINE=InnoDB DEFAULT CHARSET=latin1;

-- --------------------------------------------------------

--
-- Table structure for table `tbl_file_assign`
--

CREATE TABLE IF NOT EXISTS `tbl_file_assign` (
  `FileID` varchar(50) NOT NULL,
  `FileComment` varchar(300) NOT NULL,
  `IsApproved` tinyint(1) NOT NULL,
  `IsRejected` tinyint(1) NOT NULL,
  `CurrentUserID` varchar(40) NOT NULL,
  `IsPending` tinyint(1) NOT NULL,
  `HasSeen` tinyint(1) NOT NULL,
  `CreationDate` date NOT NULL,
  `ApproveDate` date NOT NULL,
  `AssignDate` date NOT NULL
) ENGINE=InnoDB DEFAULT CHARSET=latin1;

-- --------------------------------------------------------

--
-- Table structure for table `tbl_marks_grade`
--

CREATE TABLE IF NOT EXISTS `tbl_marks_grade` (
  `MarksMin` double NOT NULL,
  `MarksMax` double NOT NULL,
  `MarksGrade` varchar(10) NOT NULL,
  `GPA` double NOT NULL
) ENGINE=InnoDB DEFAULT CHARSET=latin1;

-- --------------------------------------------------------

--
-- Table structure for table `tbl_permission`
--

CREATE TABLE IF NOT EXISTS `tbl_permission` (
  `ID` varchar(100) NOT NULL,
  `Name` varchar(100) NOT NULL,
  `Category` varchar(100) NOT NULL,
  PRIMARY KEY (`ID`)
) ENGINE=InnoDB DEFAULT CHARSET=latin1;

--
-- Dumping data for table `tbl_permission`
--

INSERT INTO `tbl_permission` (`ID`, `Name`, `Category`) VALUES
('CLUB_C', 'CLUB_C', 'CLUB'),
('CLUB_D', 'CLUB_D', 'CLUB'),
('CLUB_R', 'CLUB_R', 'CLUB'),
('CLUB_U', 'CLUB_U', 'CLUB'),
('COURSE_C', 'COURSE_C', 'COURSE'),
('COURSE_D', 'COURSE_D', 'COURSE'),
('COURSE_R', 'COURSE_R', 'COURSE'),
('COURSE_U', 'COURSE_U', 'COURSE'),
('DISCIPLINE_C', 'DISCIPLINE_C', 'DISCIPLINE'),
('DISCIPLINE_D', 'DISCIPLINE_D', 'DISCIPLINE'),
('DISCIPLINE_R', 'DISCIPLINE_R', 'DISCIPLINE'),
('DISCIPLINE_U', 'DISCIPLINE_U', 'DISCIPLINE'),
('FILE_C', 'FILE_C', 'FILE'),
('FILE_D', 'FILE_D', 'FILE'),
('FILE_R', 'FILE_R', 'FILE'),
('FILE_U', 'FILE_U', 'FILE'),
('POSITION_C', 'POSITION_C', 'POSITION'),
('POSITION_D', 'POSITION_D', 'POSITION'),
('POSITION_R', 'POSITION_R', 'POSITION'),
('POSITION_U', 'POSITION_U', 'POSITION'),
('PROJECT_C', 'PROJECT_C', 'PROJECT'),
('PROJECT_D', 'PROJECT_D', 'PROJECT'),
('PROJECT_R', 'PROJECT_R', 'PROJECT'),
('PROJECT_U', 'PROJECT_U', 'PROJECT'),
('ROLE_C', 'ROLE_C', 'ROLE'),
('ROLE_D', 'ROLE_D', 'ROLE'),
('ROLE_R', 'ROLE_R', 'ROLE'),
('ROLE_U', 'ROLE_U', 'ROLE'),
('SCHOOL_C', 'SCHOOL_C', 'SCHOOL'),
('SCHOOL_D', 'SCHOOL_D', 'SCHOOL'),
('SCHOOL_R', 'SCHOOL_R', 'SCHOOL'),
('SCHOOL_U', 'SCHOOL_U', 'SCHOOL'),
('SESSION_C', 'SESSION_C', 'SESSION'),
('SESSION_D', 'SESSION_D', 'SESSION'),
('SESSION_R', 'SESSION_R', 'SESSION'),
('SESSION_U', 'SESSION_U', 'SESSION'),
('SURVEY_C', 'SURVEY_C', 'SURVEY'),
('SURVEY_D', 'SURVEY_D', 'SURVEY'),
('SURVEY_R', 'SURVEY_R', 'SURVEY'),
('SURVEY_U', 'SURVEY_U', 'SURVEY'),
('TERM_C', 'TERM_C', 'TERM'),
('TERM_D', 'TERM_D', 'TERM'),
('TERM_R', 'TERM_R', 'TERM'),
('TERM_U', 'TERM_U', 'TERM'),
('USER_C', 'USER_C', 'USER'),
('USER_D', 'USER_D', 'USER'),
('USER_R', 'USER_R', 'USER'),
('USER_U', 'USER_U', 'USER'),
('YEAR_C', 'YEAR_C', 'YEAR'),
('YEAR_D', 'YEAR_D', 'YEAR'),
('YEAR_R', 'YEAR_R', 'YEAR'),
('YEAR_U', 'YEAR_U', 'YEAR');

-- --------------------------------------------------------

--
-- Table structure for table `tbl_position`
--

CREATE TABLE IF NOT EXISTS `tbl_position` (
  `ID` varchar(40) NOT NULL,
  `Name` varchar(50) NOT NULL,
  PRIMARY KEY (`ID`)
) ENGINE=InnoDB DEFAULT CHARSET=latin1;

--
-- Dumping data for table `tbl_position`
--

INSERT INTO `tbl_position` (`ID`, `Name`) VALUES
('{1BFE76DB-C2AA-4FAA-A23B-F43E6150A2F6}', 'Section Officer'),
('{2E024DF5-BD45-4EF2-A5E3-43BCA3E9777F}', 'Pro-vice Chancellor'),
('{64D25DDA-16B6-47B8-BBFC-4E2AAF5680C7}', 'Assistant Professor'),
('{7CDA1F32-A2F8-4469-B5A8-C2038FCE1F9A}', 'Lecturer'),
('{818DE12F-60CC-42E4-BAEC-48EAAED65179}', 'Dean of School'),
('{928EE9FF-E02D-470F-9A6A-AD0EB38B848F}', 'Vice Chancellor'),
('{92FDDA3F-1E91-4AA3-918F-EB595F85790C}', 'Daywise Worker'),
('{932CB0EE-76C2-448E-A40E-2D167EECC479}', 'Registrar'),
('{ADA027D3-21C1-47AF-A21D-759CAFCFE58D}', 'Assistant Registrar'),
('{B76EB035-EA26-4CEB-B029-1C6129574D98}', 'Librarian'),
('{B78C7A7B-4D38-4025-8170-7B8C9F291946}', 'Head of Discipline'),
('{C27B6BCF-FB83-4F3D-85CA-B7870D8B12D0}', 'Associate Professor'),
('{EB4880E2-01B3-4C6E-A2C9-89B6E5427C0A}', 'Professor');

-- --------------------------------------------------------

--
-- Table structure for table `tbl_project`
--

CREATE TABLE IF NOT EXISTS `tbl_project` (
  `ID` varchar(40) NOT NULL,
  `Title` varchar(100) NOT NULL,
  `Description` varchar(200) NOT NULL,
  `Link` varchar(200) NOT NULL,
  `Tag` varchar(200) NOT NULL,
  `CourseID` varchar(40) NOT NULL,
  `TermID` varchar(40) NOT NULL,
  `SessionID` varchar(40) NOT NULL,
  `CreationDate` date NOT NULL,
  `ProjectDate` date NOT NULL,
  PRIMARY KEY (`ID`)
) ENGINE=InnoDB DEFAULT CHARSET=latin1;

-- --------------------------------------------------------

--
-- Table structure for table `tbl_project_student`
--

CREATE TABLE IF NOT EXISTS `tbl_project_student` (
  `ProjectID` varchar(40) NOT NULL,
  `StudentID` varchar(40) NOT NULL
) ENGINE=InnoDB DEFAULT CHARSET=latin1;

-- --------------------------------------------------------

--
-- Table structure for table `tbl_question_archive`
--

CREATE TABLE IF NOT EXISTS `tbl_question_archive` (
  `ID` varchar(40) NOT NULL,
  `Title` varchar(50) NOT NULL,
  `CourseID` varchar(40) NOT NULL,
  `TermID` varchar(40) NOT NULL,
  `SessionID` varchar(40) NOT NULL,
  `TeacherID` varchar(40) NOT NULL,
  `Type` varchar(20) NOT NULL,
  `Tag` varchar(200) NOT NULL,
  `QuestionDate` date NOT NULL
) ENGINE=InnoDB DEFAULT CHARSET=latin1;

-- --------------------------------------------------------

--
-- Table structure for table `tbl_registration_session`
--

CREATE TABLE IF NOT EXISTS `tbl_registration_session` (
  `ID` varchar(40) NOT NULL,
  `Name` varchar(30) NOT NULL
) ENGINE=InnoDB DEFAULT CHARSET=latin1;

-- --------------------------------------------------------

--
-- Table structure for table `tbl_resource`
--

CREATE TABLE IF NOT EXISTS `tbl_resource` (
  `ID` varchar(40) NOT NULL,
  `Name` varchar(40) NOT NULL,
  `Type` varchar(40) NOT NULL,
  PRIMARY KEY (`ID`)
) ENGINE=InnoDB DEFAULT CHARSET=latin1;

-- --------------------------------------------------------

--
-- Table structure for table `tbl_role`
--

CREATE TABLE IF NOT EXISTS `tbl_role` (
  `ID` varchar(40) NOT NULL,
  `Name` varchar(50) NOT NULL,
  PRIMARY KEY (`ID`)
) ENGINE=InnoDB DEFAULT CHARSET=latin1;

--
-- Dumping data for table `tbl_role`
--

INSERT INTO `tbl_role` (`ID`, `Name`) VALUES
('{1AF8A832-4C03-49C7-8071-C71D4EB4FC57}', 'Staff'),
('{3477F777-3F53-408B-9773-249C5937C2B8}', 'Teacher'),
('{9CC63B6A-99BD-4710-B675-9881B5F7337A}', 'Student'),
('{F9C458F2-5298-441F-AE63-7514029760C4}', 'Admin');

-- --------------------------------------------------------

--
-- Table structure for table `tbl_role_permission`
--

CREATE TABLE IF NOT EXISTS `tbl_role_permission` (
  `Row` int(11) NOT NULL AUTO_INCREMENT,
  `RoleID` varchar(40) NOT NULL,
  `PermissionID` varchar(100) NOT NULL,
  PRIMARY KEY (`Row`)
) ENGINE=InnoDB  DEFAULT CHARSET=latin1 AUTO_INCREMENT=616 ;

--
-- Dumping data for table `tbl_role_permission`
--

INSERT INTO `tbl_role_permission` (`Row`, `RoleID`, `PermissionID`) VALUES
(225, '{3477F777-3F53-408B-9773-249C5937C2B8}', 'COURSE_C'),
(226, '{3477F777-3F53-408B-9773-249C5937C2B8}', 'COURSE_D'),
(227, '{3477F777-3F53-408B-9773-249C5937C2B8}', 'FILE_C'),
(228, '{3477F777-3F53-408B-9773-249C5937C2B8}', 'FILE_D'),
(229, '{3477F777-3F53-408B-9773-249C5937C2B8}', 'FILE_R'),
(230, '{3477F777-3F53-408B-9773-249C5937C2B8}', 'FILE_U'),
(231, '{3477F777-3F53-408B-9773-249C5937C2B8}', 'POSITION_C'),
(232, '{3477F777-3F53-408B-9773-249C5937C2B8}', 'POSITION_D'),
(233, '{3477F777-3F53-408B-9773-249C5937C2B8}', 'POSITION_R'),
(234, '{3477F777-3F53-408B-9773-249C5937C2B8}', 'POSITION_U'),
(441, '{1AF8A832-4C03-49C7-8071-C71D4EB4FC57}', 'FILE_C'),
(442, '{1AF8A832-4C03-49C7-8071-C71D4EB4FC57}', 'FILE_D'),
(443, '{1AF8A832-4C03-49C7-8071-C71D4EB4FC57}', 'SURVEY_U'),
(444, '{1AF8A832-4C03-49C7-8071-C71D4EB4FC57}', 'TERM_U'),
(557, '{9CC63B6A-99BD-4710-B675-9881B5F7337A}', 'CLUB_D'),
(558, '{9CC63B6A-99BD-4710-B675-9881B5F7337A}', 'CLUB_R'),
(559, '{9CC63B6A-99BD-4710-B675-9881B5F7337A}', 'COURSE_D'),
(560, '{9CC63B6A-99BD-4710-B675-9881B5F7337A}', 'PROJECT_C'),
(561, '{9CC63B6A-99BD-4710-B675-9881B5F7337A}', 'PROJECT_D'),
(562, '{9CC63B6A-99BD-4710-B675-9881B5F7337A}', 'PROJECT_R'),
(563, '{9CC63B6A-99BD-4710-B675-9881B5F7337A}', 'PROJECT_U'),
(564, '{F9C458F2-5298-441F-AE63-7514029760C4}', 'CLUB_C'),
(565, '{F9C458F2-5298-441F-AE63-7514029760C4}', 'CLUB_D'),
(566, '{F9C458F2-5298-441F-AE63-7514029760C4}', 'CLUB_R'),
(567, '{F9C458F2-5298-441F-AE63-7514029760C4}', 'CLUB_U'),
(568, '{F9C458F2-5298-441F-AE63-7514029760C4}', 'COURSE_C'),
(569, '{F9C458F2-5298-441F-AE63-7514029760C4}', 'COURSE_D'),
(570, '{F9C458F2-5298-441F-AE63-7514029760C4}', 'COURSE_R'),
(571, '{F9C458F2-5298-441F-AE63-7514029760C4}', 'COURSE_U'),
(572, '{F9C458F2-5298-441F-AE63-7514029760C4}', 'DISCIPLINE_C'),
(573, '{F9C458F2-5298-441F-AE63-7514029760C4}', 'DISCIPLINE_D'),
(574, '{F9C458F2-5298-441F-AE63-7514029760C4}', 'DISCIPLINE_R'),
(575, '{F9C458F2-5298-441F-AE63-7514029760C4}', 'DISCIPLINE_U'),
(576, '{F9C458F2-5298-441F-AE63-7514029760C4}', 'FILE_C'),
(577, '{F9C458F2-5298-441F-AE63-7514029760C4}', 'FILE_D'),
(578, '{F9C458F2-5298-441F-AE63-7514029760C4}', 'FILE_R'),
(579, '{F9C458F2-5298-441F-AE63-7514029760C4}', 'FILE_U'),
(580, '{F9C458F2-5298-441F-AE63-7514029760C4}', 'POSITION_C'),
(581, '{F9C458F2-5298-441F-AE63-7514029760C4}', 'POSITION_D'),
(582, '{F9C458F2-5298-441F-AE63-7514029760C4}', 'POSITION_R'),
(583, '{F9C458F2-5298-441F-AE63-7514029760C4}', 'POSITION_U'),
(584, '{F9C458F2-5298-441F-AE63-7514029760C4}', 'PROJECT_C'),
(585, '{F9C458F2-5298-441F-AE63-7514029760C4}', 'PROJECT_D'),
(586, '{F9C458F2-5298-441F-AE63-7514029760C4}', 'PROJECT_R'),
(587, '{F9C458F2-5298-441F-AE63-7514029760C4}', 'PROJECT_U'),
(588, '{F9C458F2-5298-441F-AE63-7514029760C4}', 'ROLE_C'),
(589, '{F9C458F2-5298-441F-AE63-7514029760C4}', 'ROLE_D'),
(590, '{F9C458F2-5298-441F-AE63-7514029760C4}', 'ROLE_R'),
(591, '{F9C458F2-5298-441F-AE63-7514029760C4}', 'ROLE_U'),
(592, '{F9C458F2-5298-441F-AE63-7514029760C4}', 'SCHOOL_C'),
(593, '{F9C458F2-5298-441F-AE63-7514029760C4}', 'SCHOOL_D'),
(594, '{F9C458F2-5298-441F-AE63-7514029760C4}', 'SCHOOL_R'),
(595, '{F9C458F2-5298-441F-AE63-7514029760C4}', 'SCHOOL_U'),
(596, '{F9C458F2-5298-441F-AE63-7514029760C4}', 'SESSION_C'),
(597, '{F9C458F2-5298-441F-AE63-7514029760C4}', 'SESSION_D'),
(598, '{F9C458F2-5298-441F-AE63-7514029760C4}', 'SESSION_R'),
(599, '{F9C458F2-5298-441F-AE63-7514029760C4}', 'SESSION_U'),
(600, '{F9C458F2-5298-441F-AE63-7514029760C4}', 'SURVEY_C'),
(601, '{F9C458F2-5298-441F-AE63-7514029760C4}', 'SURVEY_D'),
(602, '{F9C458F2-5298-441F-AE63-7514029760C4}', 'SURVEY_R'),
(603, '{F9C458F2-5298-441F-AE63-7514029760C4}', 'SURVEY_U'),
(604, '{F9C458F2-5298-441F-AE63-7514029760C4}', 'TERM_C'),
(605, '{F9C458F2-5298-441F-AE63-7514029760C4}', 'TERM_D'),
(606, '{F9C458F2-5298-441F-AE63-7514029760C4}', 'TERM_R'),
(607, '{F9C458F2-5298-441F-AE63-7514029760C4}', 'TERM_U'),
(608, '{F9C458F2-5298-441F-AE63-7514029760C4}', 'USER_C'),
(609, '{F9C458F2-5298-441F-AE63-7514029760C4}', 'USER_D'),
(610, '{F9C458F2-5298-441F-AE63-7514029760C4}', 'USER_R'),
(611, '{F9C458F2-5298-441F-AE63-7514029760C4}', 'USER_U'),
(612, '{F9C458F2-5298-441F-AE63-7514029760C4}', 'YEAR_C'),
(613, '{F9C458F2-5298-441F-AE63-7514029760C4}', 'YEAR_D'),
(614, '{F9C458F2-5298-441F-AE63-7514029760C4}', 'YEAR_R'),
(615, '{F9C458F2-5298-441F-AE63-7514029760C4}', 'YEAR_U');

-- --------------------------------------------------------

--
-- Table structure for table `tbl_routine`
--

CREATE TABLE IF NOT EXISTS `tbl_routine` (
  `DayID` varchar(40) NOT NULL,
  `TimeID` varchar(40) NOT NULL,
  `CourseID` varchar(40) NOT NULL,
  `TermID` varchar(40) NOT NULL,
  `SlotNo` int(11) NOT NULL,
  `TeacherID` varchar(40) NOT NULL
) ENGINE=InnoDB DEFAULT CHARSET=latin1;

-- --------------------------------------------------------

--
-- Table structure for table `tbl_routine_day`
--

CREATE TABLE IF NOT EXISTS `tbl_routine_day` (
  `ID` varchar(40) NOT NULL
) ENGINE=InnoDB DEFAULT CHARSET=latin1;

-- --------------------------------------------------------

--
-- Table structure for table `tbl_routine_time`
--

CREATE TABLE IF NOT EXISTS `tbl_routine_time` (
  `ID` varchar(40) NOT NULL,
  `Name` varchar(40) NOT NULL
) ENGINE=InnoDB DEFAULT CHARSET=latin1;

-- --------------------------------------------------------

--
-- Table structure for table `tbl_school`
--

CREATE TABLE IF NOT EXISTS `tbl_school` (
  `ID` varchar(40) NOT NULL,
  `Name` varchar(50) NOT NULL,
  `DeanID` varchar(40) NOT NULL
) ENGINE=InnoDB DEFAULT CHARSET=latin1;

--
-- Dumping data for table `tbl_school`
--

INSERT INTO `tbl_school` (`ID`, `Name`, `DeanID`) VALUES
('{39DDC0C2-CFC2-4246-8748-8812B1751A5C}', 'Science Engineering and Technology', ''),
('{4D46079B-AFA3-40F1-B8D1-6CC9E9F56812}', 'Life Science', ''),
('{86E0F021-B30D-48D2-B177-247180633C5E}', 'Social Science', ''),
('{879375F7-0A15-4705-AC90-C6786D279EF1}', 'Law and Humanities', ''),
('{CE09AA38-205B-4F50-A0E0-14DB8686C912}', 'Fine Arts', '');

-- --------------------------------------------------------

--
-- Table structure for table `tbl_survey`
--

CREATE TABLE IF NOT EXISTS `tbl_survey` (
  `ID` varchar(40) NOT NULL,
  `Title` varchar(100) NOT NULL,
  `Description` varchar(300) NOT NULL,
  `Link` varchar(100) NOT NULL,
  `TotalQuestions` int(11) NOT NULL,
  `CreatorID` varchar(40) NOT NULL,
  `CreationDate` date NOT NULL,
  `CompletionDate` date NOT NULL,
  PRIMARY KEY (`ID`)
) ENGINE=InnoDB DEFAULT CHARSET=latin1;

-- --------------------------------------------------------

--
-- Table structure for table `tbl_survey_question`
--

CREATE TABLE IF NOT EXISTS `tbl_survey_question` (
  `ID` varchar(40) NOT NULL,
  `SurveyID` varchar(40) NOT NULL,
  `QuestionNo` int(11) NOT NULL,
  `QuestionType` varchar(20) NOT NULL,
  `IsVisible` tinyint(1) NOT NULL,
  `IsRequired` tinyint(1) NOT NULL,
  `QuestionValue` varchar(300) NOT NULL
) ENGINE=InnoDB DEFAULT CHARSET=latin1;

-- --------------------------------------------------------

--
-- Table structure for table `tbl_survey_question_filled`
--

CREATE TABLE IF NOT EXISTS `tbl_survey_question_filled` (
  `ID` int(11) NOT NULL AUTO_INCREMENT,
  `SurveyID` varchar(40) NOT NULL,
  `QuestionID` varchar(40) NOT NULL,
  `FilledValue` varchar(200) NOT NULL,
  `FilledUserID` varchar(40) NOT NULL,
  `FilledTime` date NOT NULL,
  PRIMARY KEY (`ID`)
) ENGINE=InnoDB DEFAULT CHARSET=latin1 AUTO_INCREMENT=1 ;

-- --------------------------------------------------------

--
-- Table structure for table `tbl_survey_question_type`
--

CREATE TABLE IF NOT EXISTS `tbl_survey_question_type` (
  `ID` varchar(40) NOT NULL,
  `Type` varchar(20) NOT NULL,
  PRIMARY KEY (`ID`)
) ENGINE=InnoDB DEFAULT CHARSET=latin1;

--
-- Dumping data for table `tbl_survey_question_type`
--

INSERT INTO `tbl_survey_question_type` (`ID`, `Type`) VALUES
('ques_dropdown', 'Dropdown'),
('ques_radio', 'Radio'),
('ques_textInput', 'Text Input');

-- --------------------------------------------------------

--
-- Table structure for table `tbl_term`
--

CREATE TABLE IF NOT EXISTS `tbl_term` (
  `ID` varchar(40) NOT NULL,
  `Name` varchar(20) NOT NULL,
  PRIMARY KEY (`ID`)
) ENGINE=InnoDB DEFAULT CHARSET=latin1;

--
-- Dumping data for table `tbl_term`
--

INSERT INTO `tbl_term` (`ID`, `Name`) VALUES
('{19B15CDF-264C-4924-8608-258673BCC448}', 'B.Sc 8th'),
('{22EDE2D2-D36C-4160-9D2A-80184B8AD35B}', 'B.Sc 1st'),
('{298E9628-8DE2-4742-8F93-0491C01BB152}', 'M.Sc 1st'),
('{9C84629E-11FA-4459-A593-C9AD9CF0D3F2}', 'B.Sc 4th'),
('{9D35C1A5-8091-47BE-AF7E-160C95789EC3}', 'B.Sc 7th'),
('{B8541009-29AC-4988-B17B-91CA3E1E27E3}', 'B.Sc 5th'),
('{C0C2FBD3-75DB-4A6F-BB2A-3F131027A744}', 'B.Sc 6th'),
('{E2D0D30D-654E-4157-8F71-527023AFAB2F}', 'B.Sc 3rd'),
('{F3C92204-C532-4544-9729-858EFBED98A1}', 'M.Sc 3rd'),
('{F78D6E1A-8B11-46D3-A88A-BD6D8DA4532B}', 'M.Sc 2nd'),
('{F9121C67-1E89-4F0B-80AA-89FD3B6BD665}', 'B.Sc 2nd');

-- --------------------------------------------------------

--
-- Table structure for table `tbl_user`
--

CREATE TABLE IF NOT EXISTS `tbl_user` (
  `ID` varchar(40) NOT NULL,
  `UniversityID` varchar(20) NOT NULL,
  `Email` varchar(50) NOT NULL,
  `Password` varchar(20) NOT NULL,
  `FirstName` varchar(50) NOT NULL,
  `LastName` varchar(50) NOT NULL,
  `IsArchived` tinyint(1) NOT NULL,
  `IsDeleted` tinyint(1) NOT NULL,
  PRIMARY KEY (`ID`)
) ENGINE=InnoDB DEFAULT CHARSET=latin1;

--
-- Dumping data for table `tbl_user`
--

INSERT INTO `tbl_user` (`ID`, `UniversityID`, `Email`, `Password`, `FirstName`, `LastName`, `IsArchived`, `IsDeleted`) VALUES
('{0B2F4F89-2048-4504-AB17-0412CC624A05}', '020215', 'mohidul@gmail.com', 'test', 'SM Mohidul', 'Islam          ', 0, 0),
('{6022C75F-2BE2-4A3D-9AEF-99A351124930}', '140222', 'sumit@gmail.com', 'test', 'Sumit', 'Saha', 0, 0),
('{8104FB4F-8E63-489D-8D90-DB45A9A2327B}', '020203', 'zahid@gmail.com', 'test', 'Md. Zahid', 'Islam     ', 0, 0),
('{8B24B76D-9969-4F71-ABC4-6EE59355C686}', '020229', 'mkazi078@uottawa.ca', 'test', 'Kazi Masudul', 'Alam           ', 0, 0),
('{9E2E6363-A0FF-4C0F-B58F-D162725FB702}', '020216', 'alamgir@gmail.com', 'test', 'Sk Alamgir', 'Hossain   ', 0, 0),
('{A4F96981-F014-46F6-BB93-87500C3CBB03}', '020208', 'aakth072@uottawa.ca', 'test', 'Aysha', 'Akther     ', 0, 0),
('{B51D020E-1BB9-4FA3-86BF-C32949367885}', '040212', 'saikat@gmail.com', 'test', 'Saikat', 'Mondal  ', 0, 0),
('{E0F0AE1A-AECF-46C1-A148-4485036F3CCF}', 'e020202', 'rafiq@gmail.com', 'test', 'Md. Rafiqul', 'Islam ', 0, 0),
('{EC675CB7-2551-4062-A79E-0EF15481D38A}', 'test new!', 'test@gmail.com', 'test', 'test', 'test ', 0, 1);

-- --------------------------------------------------------

--
-- Table structure for table `tbl_user_discipline`
--

CREATE TABLE IF NOT EXISTS `tbl_user_discipline` (
  `UserID` varchar(40) NOT NULL,
  `DisciplineID` varchar(40) NOT NULL
) ENGINE=InnoDB DEFAULT CHARSET=latin1;

-- --------------------------------------------------------

--
-- Table structure for table `tbl_user_position`
--

CREATE TABLE IF NOT EXISTS `tbl_user_position` (
  `ID` int(11) NOT NULL AUTO_INCREMENT,
  `UserID` varchar(40) NOT NULL,
  `PositionID` varchar(40) NOT NULL,
  PRIMARY KEY (`ID`)
) ENGINE=InnoDB  DEFAULT CHARSET=latin1 AUTO_INCREMENT=18 ;

--
-- Dumping data for table `tbl_user_position`
--

INSERT INTO `tbl_user_position` (`ID`, `UserID`, `PositionID`) VALUES
(1, '{9E2E6363-A0FF-4C0F-B58F-D162725FB702}', '{C27B6BCF-FB83-4F3D-85CA-B7870D8B12D0}'),
(4, '{693F944F-328D-433A-9F94-459D92841645}', '{EB4880E2-01B3-4C6E-A2C9-89B6E5427C0A}'),
(10, '{8104FB4F-8E63-489D-8D90-DB45A9A2327B}', '{64D25DDA-16B6-47B8-BBFC-4E2AAF5680C7}'),
(11, '{8B24B76D-9969-4F71-ABC4-6EE59355C686}', '{64D25DDA-16B6-47B8-BBFC-4E2AAF5680C7}'),
(13, '{B51D020E-1BB9-4FA3-86BF-C32949367885}', '{64D25DDA-16B6-47B8-BBFC-4E2AAF5680C7}'),
(14, '{E0F0AE1A-AECF-46C1-A148-4485036F3CCF}', '{EB4880E2-01B3-4C6E-A2C9-89B6E5427C0A}'),
(16, '{A4F96981-F014-46F6-BB93-87500C3CBB03}', '{7CDA1F32-A2F8-4469-B5A8-C2038FCE1F9A}'),
(17, '{0B2F4F89-2048-4504-AB17-0412CC624A05}', '{64D25DDA-16B6-47B8-BBFC-4E2AAF5680C7}');

-- --------------------------------------------------------

--
-- Table structure for table `tbl_user_role`
--

CREATE TABLE IF NOT EXISTS `tbl_user_role` (
  `ID` int(11) NOT NULL AUTO_INCREMENT,
  `UserID` varchar(40) NOT NULL,
  `RoleID` varchar(40) NOT NULL,
  PRIMARY KEY (`ID`)
) ENGINE=InnoDB  DEFAULT CHARSET=latin1 AUTO_INCREMENT=51 ;

--
-- Dumping data for table `tbl_user_role`
--

INSERT INTO `tbl_user_role` (`ID`, `UserID`, `RoleID`) VALUES
(40, '{8104FB4F-8E63-489D-8D90-DB45A9A2327B}', '{3477F777-3F53-408B-9773-249C5937C2B8}'),
(41, '{8B24B76D-9969-4F71-ABC4-6EE59355C686}', '{3477F777-3F53-408B-9773-249C5937C2B8}'),
(42, '{8B24B76D-9969-4F71-ABC4-6EE59355C686}', '{F9C458F2-5298-441F-AE63-7514029760C4}'),
(43, '{B51D020E-1BB9-4FA3-86BF-C32949367885}', '{3477F777-3F53-408B-9773-249C5937C2B8}'),
(44, '{E0F0AE1A-AECF-46C1-A148-4485036F3CCF}', '{3477F777-3F53-408B-9773-249C5937C2B8}'),
(47, '{A4F96981-F014-46F6-BB93-87500C3CBB03}', '{3477F777-3F53-408B-9773-249C5937C2B8}'),
(48, '{0B2F4F89-2048-4504-AB17-0412CC624A05}', '{3477F777-3F53-408B-9773-249C5937C2B8}'),
(49, '{0B2F4F89-2048-4504-AB17-0412CC624A05}', '{9CC63B6A-99BD-4710-B675-9881B5F7337A}'),
(50, '{6022C75F-2BE2-4A3D-9AEF-99A351124930}', '{9CC63B6A-99BD-4710-B675-9881B5F7337A}');

-- --------------------------------------------------------

--
-- Table structure for table `tbl_video`
--

CREATE TABLE IF NOT EXISTS `tbl_video` (
  `ID` varchar(40) NOT NULL,
  `Title` varchar(150) NOT NULL,
  `Description` varchar(300) NOT NULL,
  `TagID` varchar(40) NOT NULL,
  `Link` varchar(150) NOT NULL,
  `IsEmbed` tinyint(1) NOT NULL,
  `CreationDate` date NOT NULL,
  `CreatorID` varchar(40) NOT NULL,
  PRIMARY KEY (`ID`)
) ENGINE=InnoDB DEFAULT CHARSET=latin1;

-- --------------------------------------------------------

--
-- Table structure for table `tbl_video_comment`
--

CREATE TABLE IF NOT EXISTS `tbl_video_comment` (
  `CommentID` varchar(40) NOT NULL,
  `Comment` varchar(150) NOT NULL,
  `CreatorID` varchar(40) NOT NULL,
  `VideoID` varchar(40) NOT NULL,
  `CommentIDTop` varchar(40) NOT NULL
) ENGINE=InnoDB DEFAULT CHARSET=latin1;

-- --------------------------------------------------------

--
-- Table structure for table `tbl_video_tag`
--

CREATE TABLE IF NOT EXISTS `tbl_video_tag` (
  `VideoID` varchar(40) NOT NULL,
  `Tag` varchar(20) NOT NULL
) ENGINE=InnoDB DEFAULT CHARSET=latin1;

/*!40101 SET CHARACTER_SET_CLIENT=@OLD_CHARACTER_SET_CLIENT */;
/*!40101 SET CHARACTER_SET_RESULTS=@OLD_CHARACTER_SET_RESULTS */;
/*!40101 SET COLLATION_CONNECTION=@OLD_COLLATION_CONNECTION */;
