-- phpMyAdmin SQL Dump
-- version 4.1.14
-- http://www.phpmyadmin.net
--
-- Host: 127.0.0.1
-- Generation Time: May 21, 2017 at 07:28 PM
-- Server version: 5.6.17
-- PHP Version: 5.5.12

SET SQL_MODE = "NO_AUTO_VALUE_ON_ZERO";
SET time_zone = "+00:00";


/*!40101 SET @OLD_CHARACTER_SET_CLIENT=@@CHARACTER_SET_CLIENT */;
/*!40101 SET @OLD_CHARACTER_SET_RESULTS=@@CHARACTER_SET_RESULTS */;
/*!40101 SET @OLD_COLLATION_CONNECTION=@@COLLATION_CONNECTION */;
/*!40101 SET NAMES utf8 */;

--
-- Database: `cseku_wpl_2017_education`
--

-- --------------------------------------------------------

--
-- Table structure for table `tbl_club`
--

CREATE TABLE IF NOT EXISTS `tbl_club` (
  `ID` varchar(40) NOT NULL,
  `Name` varchar(100) NOT NULL,
  `CoverPhoto` blob NOT NULL,
  `Description` varchar(300) NOT NULL,
  `CreationDate` date NOT NULL,
  `mail` varchar(50) NOT NULL,
  PRIMARY KEY (`ID`)
) ENGINE=InnoDB DEFAULT CHARSET=latin1;

--
-- Dumping data for table `tbl_club`
--

INSERT INTO `tbl_club` (`ID`, `Name`, `CoverPhoto`, `Description`, `CreationDate`, `mail`) VALUES
('{B0E3F1C6-922C-4B0C-BB61-329FC1B134F6}', 'Math Plus', 0xffd8ffe000104a46494600010100000100010000ffdb0084000906070d0d0d0d0d0d0d0d0d0d08070d07070d0d0d0f0d0d070d1511161615111513181d2820181a251b131521312125292b2e3a2e171f3338333837282d2e2b010a0a0a0d0d0d0e0d0f0f2d1915192b2d2d2d37372b2b2b2b2b2d372b2d2b2b2d2b2d2b2b2b2d372b2b2b2b2b2b2b2b2b372b2d2b2b2b2b2b2b2b2b2b2b2b2d2bffc000110800b1011c03012200021101031101ffc400190000030101010000000000000000000000000203010405ffc4001b10010101010101010100000000000000000001021112031321ffc4001801010101010100000000000000000000000001020306ffc4001811010101010100000000000000000000000001111202ffda000c03010002110311003f00f321e279532f5b5e294cc3e499532cb47ca994e29966aa993c24532c553e4f92e61e4668787c922919aa6c9e161a32a7868586881a18b1a8a6650102d656d65509494f4b550953aa5256a22749a52a7a684f44a7d54eb5109a4f4a693d37113a9d56a7a6a22753b4faa9b5113ca994a1e35516ca99a8e6ab962aad93e52ca99acd58b654ca59aa658ad2d98a489616c758ab1b21a299914998cdad6250f229e0786757964c9a412365431b32de33adea038383a3a0cb9a5b0dd65513a5aa52554c4ed25aa589eb2d444e929f509a6a227494f49a6a22749a36aa3bd37119aa8ea9b5495b884a5352569138789c3c54532ae51cab8acd5572a64b8cad98c5586c45b322714cb15a5255254e43c8c34ae6ab8d21229966abab1a5a72b933a5b1b73b1b955bf32dc1f3a525959d6b257358c74df9a77e6ba97ca4c3dc96c5670b6b2d14b6b482968b4974b88da4acbb26b6b21ada9eac66b696b4dc8ceb7750de8daa9dad4889eaa754d25a6e325a4a6a4ad05a43523489c3c4e2998d21f316c7f1194f2b155d38daf8d38f357c698b15d79533943e7a74fceb9d6a1b31491b98a672c5adc2e61e434c9e659b54b21a1a65be59684d299da7e444c5744d9e6e39a68dd4c5d5b5988ef2cf545d92152d25aab6aa1b6e39d26b49eb46d25a6e3359749dd3692d6e4659696d1692d6905a4b45a4b5602d25a2d25ad446693a7b53ad442d21a91a8848795394d145253ca94a79528b66a99a8e55cd62aba31a74fcf4e4c2d8ac58d477fcf4e8c570fcf4e9f9e9cbd46e575e61e44b1a56572adca690f2161e335b67965cab0713447cb38bf19726988b3514d653b5a44b68eaba35ca8ef2d466a3aa9e8fa4eb718a4d25a56d4f4dc652d54ed3ea27a6e216d2da292d6a20b4968b4b6a8cb4b68b4b6b48cb495b695513869490d1a1486848a66207cd57152cc53318a2f98ae6a185f359aab62ba3e7b73662b9ae76352bb3e7b74636e1c55f1b73b1b95db9a795cf9d299d39d8dcabcadea534df4ce35aaf427e9be93175b49a86f45aa896b295eba29351a8cd736b3d43e9875eb096e372b35c5a4b4ebfa61cdbc3a4ac54ad26a1e92b6896a25a7454f596a221496a9a8969a88cb496b696d6919695b4bd5090d08d95457354cd425533511d19572e7ce95c699b05f2a652cd57358a6ab8ab66a1953358ad6ba3315cd431a5b358ad4ab674a676e786959c6a5744d1a6dcf34df6ce2eba3db7db97d8fd0e57a757b1edcdfa0f67274e9f65ba43d8fd0e4d56e89aa4bb4f5a59135bb88ee1aecb74dc66d43794379e3af48ee3719b5cb696d57794751b8c97496a1ed25ad444b513aaeaa7a6cd4eb1b4aaa5002a1a534a46ca82b2a99d2129e541d58daf8db8b3a533b66c477674a674e3c7d15ced8b076674a674e29f43cfab3635aee9a6fb724fa9a7d19e575d3edbedcbfa0fd1395d74dd17da1fa0f662eadfa37f4735d97daf26bb3d8f6e3fd1bfa9ca6ba6ecb7e885fa16ece4d5aecbed0bb2ddb58ceba3db2e9cd7e8cfd5794ab6ea3b65fa12e9a919d26d2d29aa9e9a8692d25a6a9d6959a2b6b154a005036560034a69536f505a534d2329a5417ce94cedcd29a69307567e879b724d1e6d30754fa367d5cb36df4983ae7d0d3e8e3f6d9f44e55d7ed9fa39bf41ecc1d1fa32edcf76cf660e8bb67b73fb65d983a3f46fe8e5f63dae0e9f65ba43db7d9887ba2dd16e8b6ae21bdb3da7692d5c17ba25a9fa1e97130d495b696a8cac6d2ab500011400000001b1a51d03c344fade829d6f4934dea07f4df49f47414f43d25d6f414f4df697474c15f4cf49f47414f4cf44e8e81ba3a4e8e81facf44e8e81fd0f49f59d5c43dd16d2f4741bd67581434ade90061ab1801a004500000000000003a0037ad28037474bd6f40dd05680eb7ace806f474bd1d06f4759d6740c0a01bd6758146b00100000000000000001a004500000000000000000000000001a1401a0a32b0000001194000000000000000000000000000fffd9, 'Math Plus is one of the famous club of Khulna University. The main Purpose of this club is to develop analytical power about mathematics.', '2017-04-20', '+8801725689512, mp@gmail.com'),
('{CFDB1115-2FB9-4A04-971B-3537BAF44F8F}', 'CLUSTER', 0xffd8ffe000104a46494600010100000100010000ffdb00840009060710101015101012150f0f10101510100f1015150f0f0f101515161715151515181d2820181d251b151521312125292b2e2e2e171f3338332d37282d2e2b010a0a0a0e0d0e1a10101b2d251f252d2d2d2d2f2d2d2d2d2d2d2d2d2b2d2d2d2d2d2d2d302d2d2d2d2d2d2d2d2d2d2d2d2d2d2d2d2d2d2d2d2d2d2d2d2d2d2d2dffc000110800a8012c03011100021101031101ffc4001b00000203010101000000000000000000000001020304050607ffc4004c100001020205050a0b060307050000000001000203110405122131415161d1f00613225253718191a1d215325462929394a2b1c1d314162342e1f13363820743447283b2c22434647374ffc4001a010003010101010000000000000000000000010203040506ffc4003a11000201030203050507040105010000000001020311f0122104315113416191a1057181e1f114224252b1d1e2324353c11523336292f2a2ffda000c03010002110311003f00f8dadce7040020068109301a0013004ec035561027601a7600926204ec0345900276004ecb3e8008b2cfa00d1659f40045b310022d988048b2cfa0022cb3e8009590022c8012b201256004ac00958624ac009580490c1480900080048608004002001000800400d3102001301809adc0b1b04e5b96aa9b21cd13741ba6add3d8953dcaa5cdd6b3ccdcb09690ab3370096d34666e05cc833132b58c15b3f73373b313a09c97a1c3318d4d15912c54f2cf9968117cc6008bacfa8022eb3ea008bacb7ee008bacfa8022eb3ea008bacfa802599b809199b80257cc6009666e024b337004666e3129ccdc01201243052009002001031240080040020010008009200698813404db719f6655a2d84f736039974a673b02d274a7cf3e62bd8c960f373958d9e7d4e8ba0b1a475a76cc6171d83b1fd51679f515d1adad200c972e85759f3306eec734ef98c422d074e84f9e7cc69d8a5f073752cdc3a67a9a467d4a54666e6808ccdc01199b8023337004666e008ccdc012ccdc012ccdc048ccdc012ccdc012ccdc049666e304b3370129ccdc0120129182400a40498c12004002001000800400d0200152404a79bad5086d6cf5aa516c1b34d19e30c48cfa96f07dc63513e6690d71da4b5b4998b6919becf27e39542a7f78dbb4bc4d42009df35d31847f15cc7b418a2b4957d8d37defc89ed5a343a8d995f60ff000ee64aaf5287c1ce3ab52c5c1ae66aa654e629699698b9d3195c5853e7cea651b971958cc42caccd6e08b3004598025b8022cc011b8c495801200480496e00934024ac00a46248014b1892600a40490c10008004009000801a00602690809ea54058c6759c9ad691892d9be05109bcdcbae147bde7a1cb3ac96c8908161c0e13c73ad2341dee96790b5ea5634cc6413d2574f6515cf3d2fe8636eacacde678735c8bd35c97a7ee5f25637c2817e5c36c8aefd17a2fd8e694ec8b851f2fc556dd119769dc45ed02e22495a1eecf70d37dc57161ddc64e574bef2bacf02e32dccd128f9b1db42ca5453578fcff004368d432be1edaae5838f86791ba915edb5c95b3114551a14f9f269ec53285f3f8971958cd2db60b2d3e19ff00a9a84b6d8234f867fea01b6d7234e644612db6095b32201b6d722d99100db6b92b6644036dae4ad991016db5c95b31006db5c8b6621894db3100256cc4024ad988014db310092b66200523124c0148c10024002001000801a0091cdd6a8436895f9720f9aa5b6e27bec6ba251ff31c7205d54a9fe266156a7723b34713e718e60bd3a70daf23cf9ec5cea34f26376724e854db93b4488d4b1beaba3c091b4039ed322db9d2cd70b876e0b6a14a12e7cce6e267553fbbc9e67232ee862d96b4c3873938b640b86227832599571349a51714b3dc6fc045c9b52967c4df44a017f8ad91b33bdaba9d2a515ba5e872d5e23473fd4eb506af7b67300dc04aff00993f05949535c8e1adc4c656b67e842955643762db0738b87561f050e8c65c874f8a9c793be6753874cab1f0cda17b460461d2322e774e507747a54b8985456ef32900e8292df78ecf391b72314600e859c9467bae79b9d106d191c27874e9d2b9ddb2c6e99003224ad9628cf1d997ad6738ae7fb1ac1f71549459658b046d961891b658012b2cb002565960046d960125b658012d804a7618240090092012900498c4a40148c100240020015689746009689746049b9f69aa50974600c1d43155183e826cd14565a74ce4c8b6a54dca5768cea4b4ad8eac36e4ebd017a10a6d9c3266b86d95f8017e80339daf5ada5276599ea62f7d8ee543431492d33b0c71b24bf83213c5de6f673af4969a54f525767071551d1969eff459dfde7a9a0d5f4587062c37c20f8ee88008f834b46121957249cdd55520ecadbaefb9e7d5e32f4dc6d795f677d92ef56f13975c5060864882e17705b394c681cebb294dc9ee1c257aae574cd15531800930b78005e08cca6b37d4c78a73bbbcbbcf550a8d0cc12f2e93c1126117919d7972a9355124b6ea79ea3174e5373fbc9a49755d4e6d228a1c3838ae98d471e614eab8bdce6d22865b8024656cb6d4ba23514b99d94eb29733cc57754b870e1b5d2cad00920e819b4645cf5a16dd3cf33dae0f89527a24f7386fa2477ff731011e63af5c7da6f74f7f7fccf59454088ab637251279ac3954adfd49faf7f98dc95ec54eaba3e48313d072c9c975f5f99a222faba391fc18ba7f0de93946dcfd7e65453bec64356d23908deadeb1d4bafaff0023a2c2f06d23908deade8d4bafaff20b0783a91c846f56fd48d5e3ebfc82c2f07523908deadfa91a975f5fe4160f07523908beadfa92baebebfc8761783e3f2317d5bf5257f1f5f985846811f918beadfa917f1f5f98ac2fb146e4a27ab7ea4b39fcc089a245e4dfe8392ccdc2e889a3c4e23bd12959e7d42eba91309dc5775146979f516a5d48961cc7a94e9974cf31dd104b4cba0c14b8cba0c4a74cba0025a25d0624b44ba3004689746008d12e8c0a37fd0a7ed357f33f366ba09c27cf22b857ab2fc4fcd9325626f98c04d54aad65ca4fcd895883a290252bcdfa94be22aa56d4fcd94a29b35407c86187c57442b54b7f53f3661357674e8d18e044f3cb124dd2eb202eeeda6ad0bbf1dfbf3639274d3dcdd4269a444903f830cf088264f78ff881d9cebd3e0e2e5f79bbdbc7bf3d3de73d66a842ff0089fa2fdf3b8f6757b37b16cf4373e92ba6a3d7f751f3b5e5da3d28c75e6eae04318db7656b4f8a3ce3b4f24d70d4e2295057933a782f64559f3565e2799afb7545cdb10a344b61c0fe139cc6cb34c19ae4e378da525a28ef2f047b3c17b31425aa7156f1b3391037474b6b9ae31633834825bbf45bc0c97b97242a715169b8bb74b1dd3e0386926b4c6eff00f15fb1e9a81bba24c9cf7c339a2125bd7ad7a30e3b8693d3523a5f8a3c6adec256bc527ee3d8d555e36278c64e38106e23415d53a0ad78ee8f9fe2780953e474e911ed0907107210489ac630b3e471538697768f3eda6526d99b9ed03339c2c9194675d9d953b7247add951493495cf3b5d56b4d8112429549b2ebda0d2229e71e364d4bc5e268aa53db91eff0b355a9ee979239f1f7494b041fb5d22f177e3c5989ff0055ca21a75697c99d31a29f72dbc0c148dd5d3ef952e9432ffdcc69dd93c65c952eb63b29d18ae76f246766eaeb13853697ed31fbcb154efde6fa22bb9791276eaab218d3697ed31bbcafb0eac49458bef5d63e5d4bf698dde4d50daf71e95d03ef5563e5d4bf698dde54b864d7f50b4ae83fbd358f9752bda6377968b834ddb50695d3d03ef3d61e5d4af698dde57f615f98565d3d04774d58796d2bda237791f625f9c34ae8bc83ef0d38ff008da4fb445ef2d7fe3d5edad9368f45e4335d537cb291ebe2e8f3b4a6fd9c93b768f2c2b47f2af223e14a51c6951fd744ef2a8fb3affdc79f125a8fe55e456fa7520e3488a79e2bcfcd3fb034bfee316983fc2bc91598f14e319e7fadc7e6a97032ff002bf30d14ff002af2456e88fcaf71e77153f6395afdabf3f996a31e8bc8a8df894970b369ff00d57e7f32c894a5c2ce3fdc7e6309a87c3cff00c8fcfe6029a4e8cffc8fcc045cb29426bfb8fcc7622622c5caa2fc6fcc7a45bee859f6d53f33f31e92dfb3f9a36fea5cda42e68a3d1aec05e74f7974528ec65525b96ef13380bf6e32bb5d99dec5a28d375ed12d5fd49e9bc89d568971a20129374e5e8fccba69c1277e9bfedea65da377363aae8ad85be3596a6de0d9bdc0ba60195ac8db587182dd70f5746b8abfeb96bf998c788a4ea766ddbafc3e76f20dc8d1dc1ee322c0d337e22d4b06c89cff0025dfecea2e9c5ede1f1eff002ce44fb52a47425cefcbf73b1ba0ae9d62cb449ce989e40d18917f47eeaf8eaca846c9ee70fb3f805af53e599f43c43e1dabc890c6f9cf9cf0b15e051a4ebc9ce7b451f477d3b22a6709c18c6de4c848127aa6b67c528b54e8207b2d5267a21b8da41139998c960eb9aeff00b257ff002af2f99e4bf6c504ed6f53934fab62c0fe23016ce45e2721ce260858d65569ab71114e3d572f966e77d1e269d6fe87bf435d4d4f7402063049c32b348e12746a4b8569a77a6fd0cb8ae1d575ff0097ea7d16a9a60778ee0e70bda0625a70cabd69d9ff0049f23c55071fe95646aac238203da263032f999a54a367a59850a6d3d2d9e5eb782e8a3c405ace10902652194cf37fb57371d4dc97b8f73859469f7eef3f5fd4f3efa05a9dc2ee7efaf25c2e7acaad883aae18d9079e7d3f9d695a29b52ebbfee546b3e4562852c182ee7fa8b24ac6baee28b40f3063a7ea2a90e13cc4562aff003076fd550af634d7988b055de60edfaab54dd89d79889b6acfe5b7b7eaad13770d7e39e44c557fcb6f6fd65aa9b57275f8e79131557f2dbdbf591a98bb4f1cf234d3eaa870e0c27430d891e2b9c1f064f0f60610459fc475a044e725ba9bd4fa7cbdc670a92949df92296c2639e0368513844090df05e720be58957a9afc4372b2bb92f42ca45510e14730e239d0cc37ca2c08961911847e525ce00f44f9d109ca4b6dfc414db8dd22c7c1a21fcac1a0456fd545e765fb7c894ea043ab68f166d87263c0982d78887a5a1eebb0cd910a738b4d839ca3cce053a8af84eb0f1232b8e470ce0e5449ea4add11d30927ba1b28110cad35cc61168c42d365acc4ba796ec989c12d4b4bdc1cd77108a60d9364440e98b25c5a44b2cc01cca1dd73f01ad57dcca4ace6dbbfbcb16a537b2e7dc045cb9ea6ef3c0a44171b65112b9dbdc66bdefcd1dbdd59d89b9a60c3b870461a7baba60b6319bdcb61c3bfc51dbdd5515b9127b1651e1dfe28edeea74d6e4547b1a8439ba5218019752ec82d9fc11837689eb6930c358d6c8480f870464d0be8292b591e0424e526f3a9d6a3d5cd10279489df7df2d7250eabd67054e264eadbb91f3cdd2d09ec75a21a5a4886d91339013c2ced20bc4f6ad3a8e4a4f93763ebfd9f5e138d95efcd9cca1d0f7d8ad8404862e96321d1d1d29f63aa70e1a3cb9bff00674d6add9d3753c8fa436afa3d0e098c435b10325312170c0685e9a54e9b728a4925cfc11f22f88afc5d5ec936d5cf3703fb4078792e85c095cd9ccce574d797ff002b16f786defdcf5e7ec083824a5b9daa2114d81beb8005d3b2db89979fcf9b25cbd7a35555a69dbeebeef03cfaabec75bb38be59b1e129f42de633a14b82784d9e2066c321042f2dd154ea4b877fd2f759e07d2d0addad353efef3d1ee218c06d168b61d61d8caccaeba5d0b6f66412a72fcc9d9fc0f2fdb2e6d593dad73e86ca3b4b0b653bb2deba9cdea4cf907524a699cb8d0c112909112234619b338addeeac77c24d3b9e1f7993c8b23091c7babc36ad268fa7d578a652f85778adedeeaa96f4d7c4d54b7e667741bfc46f6f71626ea5b7313e00e4d9879ddc54f90e32f12b6d1c726cf7be9aca2b635d5e25828e39367bdf4d6ab913abc498a38e499ef7d356af716af1cf32c1461c933defa4b5e6d937f1cf32428a39287ef7d24ddc3578e7997c2a2cc802143c643c7004ffd2b96b7df3a7bc872db9e799a691406329112031b0629821aedf18e365d300f07f0e730b4d5749efbe75214db85df7917c02e7173a131ce2665ce2f2e2749306f4a12b3b5de7c42e92b279e640d104bf830f0f3fe8a1c9e9d9be59de3d5e39e642250448380147783c08ac277bb58597f05a473cb2f417093befb8f5fc4f4d546e62914ea3931a15ecbcb9b294f38cc7b3ae4b0a95214ed67cce49579466fb3574b99c8147fb3d24384080f304874a2076f4eb23f30dec80344ca7ce2d2b9ba9aab4f9f330c2a7c394473a506dc52f6b196de1b337c806705b9bf44eaaebd11aa83564b72a756507953e8bfbab3707bedde5e89742b35941e54f53b528d3fa0f44ba153eb085ca1ea76a594d6e5284ba143a9d0b94ec76a5ccca517d0a4d321f1fb1da962da2b4be865b633b7ac2c2e5d8d309e258b70ce174c1ec6125b9643789e2dc0e519954799325b1d0a23011f972665d74a9a7172f71c7564d336c18237cfcb885bc56f6f139a751e83d7b688d7dc6570d39caf5f569dcf9e75a50dd1de1456d800ded1880653174ef5c4ea3d5b1e6aacfb4b9f34ddc965b1605987bebacb5ce9900e009cab3e3d34a96bea7dafb27752f71c7dcd4cd2f82e68b84e62d4db69b70beec8a28293e32567dde9b1d7ed0b7d9b74f11e93fb438514d1dae37b4599903afe4afda093e1de9ee6ae78fec39d355a49789f399af9bef3eacf69b8b8919909c5ac7bd84b882db244aeba448cb3ed5f43ecc94a34374dabbb72fdfa9e07b5614a7516a924fe3fb1cddd1d26dc764da58f16ad878b394741c0a389a8a7c4c2c9ab27cf63b380a5a293b34d775b73a7b8e337ba444adb05c72cd69c07fdcabeff00dce5f6b6d08fb99f546515cd6079949ed9b70339191e654ea2949a5dc7c5544d59b5b3e5f0763894864ae985d89dceda6efb9e363b3f19dc26f8ceca3395e54a17937e3fb9f4b09ffd25b77233c701bf999d614c95a36f13684b5331ba2b78d0f01f982e73ad207466cbc68787186b54c12dcadb1dbc685e9375ac97236b32c6c76f1a17a4dd6ad7225c5f42c6d219c785e9375ad63cc5a5f42c148671e0fa4dd6afa93a5f464c5259c783e9375a62d2fa33440a4b2d0e1c1c460e6cfe2b57cf3a12e2edc98ea0a451cd363ef8e25af63843b24f09e1be75c4039fa2e5a54be956b135633ecd58d401fe5f62cd589020cbfbbec55b690dae5d05b74886df904a441cfcf7a1584cead53ba2894584f830e418e16645e7c5c971375d996738427672ee3074a7a9e895b573385498ae7b8b8d899ce667ac954da699d14e0a1151450e9ff2fac296688c759d550e21b5e2ba77904343b499e5fd543762e151ad8e7baa56f1bde6ea4396df034ed595baa76f1bde6ea584d94aa3297554de37685cf22bb46546ac6f1bb42c1c4ad651bc378bda75ac2c8bb97c36b00f172673ad6f19452b194936c930b67e2769446a2bf21383b733a357c41295995c3295e870d3bc24bdcce3e229efcce9c122d4c8c833ad93dce29c76b23d1d5e62b9c092435c3127a45c3fcc7a97ab4a5785e4791c476718b4b9acff0047a8a335c592cd97f75cd36948f0ea38a95cf9e6ec2a57173dc5c5d6786d877cb31e992cb8de1e55a9f689bdb923ebbd93c6c74c63a6ddcd9e4a046de62362b45c2e701941c76d0b9dd569c38987c57ea7b9529f69074d9f42835bc2a4420c88439afe0b0e433c66345ebd68ba734a5077523e565c1d4a151ca1b35cce6d63b89a359df1910b5b399911e2df3c6e0b827ecda137b5e3fa7a9d743db75dcb44a3765d4aafe0d059bcb24e040165b227fcd21805d15f88a3c3a8eaf825d0ce9fb3eaf192ed25b7bff43c652e3eff0015d15c3838301c643627a57076bae72e265cb92f71f43469765054d7c4f43b8d10e621805af73ed137ca42e17ed815afb2eac55392ef6db3ccf6ba9a5afb923e9119cf86c26e75d748cbe2baa2a3391f19050a934b91c4752899b9c241a3a44af387f94ae995a28f5151b5a31ef3c9c27b1cf26ce9c4e2bca53dbe27bf3a6e31b5caa98d6112b3da565564ac6b4632e66175161cfc4ed76b58b3a937607d121cbf87938ced6a9bd8a8b77e654da0c2e4fde76b592e46badf526da0c2e4bde76b5ac64ec2d4fa960abe0f25ef3f5ad149dc5adf52c15741e4bde7eb5a29bea4eb975262ad83c8fbcfd6ab5b5de2d72ea5adab20723ef3fbcb5ed257e796275cba928f570225086f136d971682e716e699374f2e79055da75254faee3ab772ef8ce2dfb48852697db8b3632e139136ae49554b7b37b8aa5751ee2e8bff00550d91442850ac3041218d8a03cb3836e62200e2653372ad5a6eaefd3f6260b43b5f3d77210a8b11866c2d6bae16acc471b22fb3c2886ec50a49bdf3d0b724f9e7a1a5f7de5a6671939c04f9a772c6f6e42440b4714fa6fd685c9ee320e68e29f4dfad290d12a4e184efc012dcf9b6bd672144c8e038a7d276b49bdbe0594bc79a7d276b58c8b46778f34fa4ed6b9e4522970d07d276b59328e2fdace6f86a5c9a8df493871c9e8e6d4ae1764cac8b83a472f66a5a68b32351d2a04701d863cd97a17a1c2b4a76ebb799c55d3713ace8d74f37361d4ba5ec7025b9e82a7a6874390bdccc99657cbfe43a977f0d24e363cbe2a8b53bbe4cf4554534c4c9269f8e509d7a6a2791c55050f7857356078b6d1c3031ce332546adb67c8383e29c1e97c8f96d7d563e138bd8d2584f09974d87aaf0b8f88a13e1a4ea535783e6bfd9f71c1f171ab15193dfb9f53cf920f8a657ce53c0e75c4e853adf7a8cbe07a3bae66d8b5ad21d09b04b886b72873ad385f71befc56d28f172a4a974efef7efdce78f0d46351d4b6efdc61000bddd4b05c353a3f7ab48e9bb7c8ead12811e2b2d3186cce4d6dd69c338125aca8d7e263aa31b45725fece59f114694b4c9ee7d2772d553e040b25de338447364d907812164ca7200f4af42950851492e67c8fb4f8f55e7a5722badebc10c131261a2e12cbce39fe6bba34a318ea170bc039d94399cba6d64d6c0b8da312e3294efbccc4aeba5e92e6e26ac74fdd7cf63ba8f0cdd6df6b667b8e0b635c4cb132c9a979f34af6e9b7ee7a8efb2b98a2d34da95f21a477572cbfa8e9847ee9578409c989cedeea16e69a1118d599193139dbdd5522a14ca856a731eb6f714a5b1a7664c56c78a7ad9dc5a456c2ecc98ae0f14f5b3b8b551bbd85d91215d1e29eb677168a1cc5d912f0dbb8a7ad9dc44a0ee2ec91a28dba1731ed7d8b565c1d271616995f23c0c16ee93bbbe6c44e8a946d7215cd7512911dd1c03037c368c386f70860dd3b2320d0a9414525cf1053a4a11b7fa32c2a6c6066223f1978ee3cf956908277dbbc6e31e87560ee95eda343a3ef4c0d836acc4606b623a64936c969b4a3b24ef2dccbb05adcafcca857aee29eb67d3550a5779fb95d922b35f3b8a7ae1fd359ba7cac52a4889af9dc53d70fe9a4e9fdd6576445d5ebb8a7ae1fd34a74ff00d02a47460d650e336e76f6f0784c7113e824198c34dcb9e516ae43838b22e70e507b9dc50fc7a0ecfa153dc3941ee7756531a5e050f70e38f77bab9db45a4ca0b871c7bbdd59365a471378d2b1fb355fcafc99aeb2c810a471c5694f87aa9ff4bf2644e5b1af79d2ba1f0f53f2bf231d65b0da45f3c360aa346a2fc2fc88934f63ab01c5e31c44885dee139a52b3df9fbce29a506742a9260bef3318119c6d7f42ba119d377b1c9c4daac763d8d0e2ca4419b4de08c04f6f92f424b523c0ab0bf3e675a0d2c3f826ee7cab9a54dc77382745c7ef231d6353b5f7ca4738c7f55ad3af6d99d3c3f18e1b1e4ab1dc535e49deccf8d0e6d279c60b1adc270b55ddab3f0d8f7687b6dc559cbccc03fb3e8845a0235906ce03137ae77c0524eddacbccecff009d8daff74ea503702181af2c9924f8e6dbdb2ca582e1a0ad2970dc253972bb5dece3afedd725b4bcb2e7aeaaaa46c3bc836b39c7f45b55e22fb23e7b89e3a55365c8956131c1683cc05e7993a5beec9a167bc8f295c55b169040fb3c47861044a1bc89e4c061fb6256d5aa538d3b369fc73e27d0f0351524f4c96fe2b33c0e3522a1a64eea3c771ffd3109bf29bb3ccaf294adf7dbf77bf373d285683daebcca5f52538097d8e92e95c2cd1e313d56573caaa8a37828c9ecd79a31fdd9a7c89fb1d2a67ff1a3cffdab053dae755d276ff6880dcc53fc8e95ecd1bbaa94ec1a9755e68a62ee5ab1385069647ff346eeace75d5f91b41ab7cc87dd4ac7c8697ecd1bba92e236e45ea5d7d43eead63e434bf668ddd56b8a495b48b52ebea3fbad58f90d2bd9a37755fdb15efa4352ebea1f75eb0f21a57b346eeaa5c72dfee8aebafa88ee66b0f22a57b3c6eea1f1a9fe161a9755e61f77a9c3fc1527d9e2f756bff20af7d0c578f55e63352d37c8e903fd08ba3cdd0a9fb46eefa1e589fbbf997991f05d2863458fd306277538fb42dfdb626e1f9979959a152063478a39e13c7c952e3ddadd9b27543f32f3457f678a3184f1cec70f92a8f1d25fda7e41ae9fe65e68a9f09f958e1ced2a1f19376ffa4fc8b528f55e65679a48fb54ecd764fcbe4591294b8a9b56ecdf9008859baf37fdb7e430b2976d3ff1bf20b88b16729d47fdb7e43b91ded62e351fe07e43d42de74acdd1a8ff000bf21eb26b3d72eac81cd1ae5d581b213e639fe2ba6351b5cce792b326c74be6a94e4bbc968df428d66ec9b5ebb387aba7eebe4f2e735686adcea4e6348c0e75d32ba6717266cab6b6b26c3bc4ed1fa685a52ace2eccc2bf0ba95d733d1428c1c01067943819feebb534d6c7933834ec7428f4e23c6bc64388594e927c8e4a9413e47468d4a6b82e69d368e4a94a51271623128c58a31914be9ad6e856a9365aa3291922d644f8bd66e0b58d05de7447864b99cfac2317b4f08b257da9cbb7205a452823ae84141f2b9e663d31e307b867939c3a973ca3adddaf4f91ed538f8191f4e8bca3e67cf75c165249f77a7c8e88c51c8a6565189e0c68a06888f1d2b8eaa4decbd3e47a345695b998d69489dd1e2e8fc47ac6cba7a7f136b16f85e3e062c5e7df1f8ab56e9e9fc48d0526b3a472f17d63d45974f4fe269c85e12a472f1bd63d2d2ba7a7f11dc3c2748e5e37ac7a34ae9e9fc42e1e13a472f17d63f5a34ae9e9fc405e12a472f17d63f5a565d3d3f880bc2348e5a2fac7eb45bc3d3e402f0847e5a2fac7eb4ade1e9f2011a746e5627ac7eb4b3360d88fdb22f2913d372599b0591134989c77fa4e4aef3e82d2ba11319dc677594b53cfa0f4c7a112f39cf5a5aa5d73c82c8892a754ba8c49394ba8c4a75cba8029d72eac608d72eac011ae5d580235cbab0128004016c07c8cb215a53959d889c6e6a9ae8e662590dffa155164c91ba0d2321c9d8bb69d54d6997d3e4734e9f7a34cc1d0721ceb67d25f079dc61ba34d169f1211d1941bda554672a7bf77a1954a10a88edd16ba63b1e09eb1d63e617543888be679f538292e5b9d4814b04705c0e8123f0d4b4d516714e8d9ee89c48d3c7e7a95249722634edc8a225298dc486f3903e27e48734b9b348d294b92660a5574c6e1c3392570eb3f20b275a3c91d54f8293e7b1c98b58be299649dc05c0151772de599e677478785357288a2ece7b144a7b591a45ee71e974ac83f75c73a8b92ff00477d2a5dece7447feab99c9658eb488832bfa92db2c314d2bacb004d17596009a2eb2c309a2eb2c024aeb2c008bacb002575960125b658012db2c0096c3129d8026930053b0c490094b0052c04a4608004002004818200100698117265f8ade9cfb998ce3de5fb732d8cc9b227ef9952958968d50a3cb6b8aeaa75acacf759c8c254ee6b87181d457445dffa1fc1e6e6128344e434b7e09b6aff0079585766b6cc60415692fcc60ecfb8ae339f3c4619d55977bf52a2a362a33ce022f05df9e869b7415da4f6049d54b967a86e41f1c0d41652a97efcf32942e511a944fcf374ace556f9f33585248e6d2b38e9da6b9e6fbd67ff00a3b29f466619f63dab2d599235113b6c51ab3241609edb146acc905827b6c51ab324013db628d59920b04f6d8a356648027b6c52d59920b0a7b6c52d59921d827b6c51ab3241609edb14b56630b0a7b6c52be6300db6bd2be63009a9be630b0a695f318c26a6f98c0495f3180296c625202480103040810312400800400d3034418d9f1ceb7854ea6528743405b190c3a4a93684d16b22f476856a443897c3a4118765e17446bcd65cce54d3340a7e7f985aae2177afd5193a045f4c07375a52aa9f256f88d516881a4ec2f51da0fb220f8e7f7b927365a8229745e9ec0a5c8b51205c4ea4aecb4ac2da4981922ca777ecb1973378f220a772869ee008dc0496e008bb004b7004b701237009a40090094b1824c026a404900948c14b0129182402400200100081820010008102605b0e311a42d6351a21c1334b2283a7e2b78c9332716898da6ac904ecf3e821879ce9dde7d02c3df0e755779f4169405e73a2ef3e81642927679f4185dfb276cc4045d100d1f149bb67c8a516ca1f189c2e1dab3726f3e468a162bdb6b94e66c586db5c8ccd8036dae459e7ff00201b6d72333ee806db5c8ccd8036dae4666c01b6d72599b0092ccd801199b002599b0092ccd8014e66c304b336012599b002960252c609301290040c100080040848182001003400200269887354058d8c469e75a29b44382658291a3a968aa12e99314819d5f68b3e84f66c7bf8cfd9fa2ad6b3e82d0c3ed033a3b459f41f66c83a3e84b5acfa0d5320e8a4e8e649c9e7d0b5048ad4e66c50d16cc4204ed988011659f400db6b916cc4008b6620045967d00495b36fd8608b662004ad9880116cc4009666c024b336005399b002599b00920052312400a460800400900080040092182001000801a04134c0734ee204ee01355701cd3b804d3b80e6aae209a77009a2f98c0269df3180e69df31804d1759f5009a2eb3ea0134eeb3ea0134aeb3ea01345d67d40268be63014d17cc60134af98c02695f31804d2b80a695c6134ae0134ae029a9b804d26c053523040024312001000800401ffd9, 'It is a club for Computer Science & Engineering Discipline,Khulna University.It is the only club for the discipline which manages and organizes various events regarding computer science.It also funds some of the events like contest programming,CSE Fest etc.', '2017-05-12', 'cluster@gmail.com');

-- --------------------------------------------------------

--
-- Table structure for table `tbl_club_member`
--

CREATE TABLE IF NOT EXISTS `tbl_club_member` (
  `ClubID` varchar(40) NOT NULL,
  `MemberID` varchar(40) NOT NULL,
  `Name` varchar(40) NOT NULL,
  `Designation` varchar(50) NOT NULL
) ENGINE=InnoDB DEFAULT CHARSET=latin1;

--
-- Dumping data for table `tbl_club_member`
--

INSERT INTO `tbl_club_member` (`ClubID`, `MemberID`, `Name`, `Designation`) VALUES
('{F00B25C7-BEBE-4F86-A0B1-E70F54F14A49}', '{C28837AB-74B1-468C-AD1D-09494C73BD6F}', 'Himel', 'Designation'),
('{B96B2DBC-EE12-4D3D-9046-73F58AD789B8}', '{5EE1EBA9-32B4-4A60-8CC0-A78628E1E9E7}', 'ss', 'ad'),
('{B96B2DBC-EE12-4D3D-9046-73F58AD789B8}', '{2BF253A3-DD50-403C-957A-C493CE73DA61}', 'f', 'sd'),
('{4A798AA3-BCC8-4537-AE0F-B08B13406101}', '{5A3234FF-96D9-4756-98B6-19AC4609AE8D}', 'sdas', 'bvnhgj'),
('{6999FAE2-6385-40D0-AB68-7B69C9D538A9}', '{B51CEF29-F7D3-4ED3-9F13-47A6CB74913C}', 'Mushfiq', 'President'),
('{6999FAE2-6385-40D0-AB68-7B69C9D538A9}', '{0EBD3875-41D1-4E44-B2E0-5BF23E072F3F}', 'Himel', 'vice-president'),
('{B0E3F1C6-922C-4B0C-BB61-329FC1B134F6}', '{D1ACD9A1-0A48-497E-B69F-5B736DC0BC7D}', 'Himel', 'President'),
('{CFDB1115-2FB9-4A04-971B-3537BAF44F8F}', '{0A86F1BE-FCCB-48A5-B700-22E5D627E14C}', 'Mushfiq', 'Vice-president'),
('{CFDB1115-2FB9-4A04-971B-3537BAF44F8F}', '{3018CC93-3D39-4735-BF50-D0DCD37C1675}', 'Rumpa', 'cashier'),
('{CFDB1115-2FB9-4A04-971B-3537BAF44F8F}', '{2EAE3161-F8B2-4037-869B-8D3FABCBB7DE}', 'Himel', 'controller'),
('{B0E3F1C6-922C-4B0C-BB61-329FC1B134F6}', '{53353442-0872-40B5-9FEE-CE792F013FE3}', 'Rumpa', 'Advisor');

-- --------------------------------------------------------

--
-- Table structure for table `tbl_club_module`
--

CREATE TABLE IF NOT EXISTS `tbl_club_module` (
  `ClubID` varchar(40) NOT NULL,
  `ModuleID` varchar(40) NOT NULL,
  `ModuleName` varchar(50) NOT NULL,
  `IsVisible` tinyint(1) NOT NULL,
  `PositionX` int(11) NOT NULL,
  `PositionY` int(11) NOT NULL,
  `SizeX` int(11) NOT NULL,
  `SizeY` int(11) NOT NULL,
  `Content` varchar(500) DEFAULT 'Nothing to show'
) ENGINE=InnoDB DEFAULT CHARSET=latin1;

--
-- Dumping data for table `tbl_club_module`
--

INSERT INTO `tbl_club_module` (`ClubID`, `ModuleID`, `ModuleName`, `IsVisible`, `PositionX`, `PositionY`, `SizeX`, `SizeY`, `Content`) VALUES
('{4A798AA3-BCC8-4537-AE0F-B08B13406101}', '{02424DA6-0FC1-4F44-81FC-76BCA53CFF9B}', 'sfs', 0, 0, 0, 0, 0, 'drdyfgn'),
('{4A798AA3-BCC8-4537-AE0F-B08B13406101}', '{A8029EA8-43D4-47C0-A473-F6932872F26B}', 'fg', 0, 0, 0, 0, 0, 'cbcvhfc'),
('{B96B2DBC-EE12-4D3D-9046-73F58AD789B8}', '{C5370FEC-AF60-42D7-BEEE-07287D816D47}', 'News', 0, 0, 0, 0, 0, 'sdfghj\r\ndfghjk\r\nghjkl\r\nsfkjhkufheuofgjkjgciusdbfjbeui\r\nasvfiayf buf\r\nzbcu'),
('{B96B2DBC-EE12-4D3D-9046-73F58AD789B8}', '{69864430-26A7-4626-8360-A4D5852D7577}', 'Achievement', 0, 0, 0, 0, 0, 'hAVDhv. lhdkgawkh gkhku gwkg ih kuy li oiiohwr bhlio;yi ; awp oyo yl b;o poirh ;ohi ;ohliwhr r; j;oihl/wirhwrpihrugefrbgl oe;ufhlef eh heilrfh'),
('{B96B2DBC-EE12-4D3D-9046-73F58AD789B8}', '{54B3A03A-9235-4B67-AB69-6F1A8BE1FAE5}', 'sdfgv', 0, 0, 0, 0, 0, 'asdfc'),
('{B96B2DBC-EE12-4D3D-9046-73F58AD789B8}', '{F06DA1A2-38EB-4CFC-BCE3-9A8321FE5A9A}', 'dxgfchvb', 0, 0, 0, 0, 0, 'asdf'),
('{B96B2DBC-EE12-4D3D-9046-73F58AD789B8}', '{BB8F56F6-EA48-4822-BEEC-FC2E182149D4}', 'raesd', 0, 0, 0, 0, 0, 'asdvf'),
('{B96B2DBC-EE12-4D3D-9046-73F58AD789B8}', '{8C755736-AC15-41A7-AE80-609B51ED551A}', 'sdfvb', 0, 0, 0, 0, 0, 'asdfvc'),
('{B96B2DBC-EE12-4D3D-9046-73F58AD789B8}', '{931B82D5-B609-467A-B098-85895D5A8613}', 'zxdfcg', 0, 0, 0, 0, 0, 'asdvfv'),
('{B96B2DBC-EE12-4D3D-9046-73F58AD789B8}', '{113BDA37-E0AA-4FC0-8298-BCF35A976E06}', 'asdxc', 0, 0, 0, 0, 0, 'ADfxvb'),
('{4A798AA3-BCC8-4537-AE0F-B08B13406101}', '{3AF40B7A-E2A6-4266-A094-6B29AFB0FC7A}', 'sds', 0, 0, 0, 0, 0, 'vcvfdg'),
('{B96B2DBC-EE12-4D3D-9046-73F58AD789B8}', '{A078481C-DC7D-4756-BAE5-E9AE732BF679}', '', 0, 0, 0, 0, 0, ''),
('{6999FAE2-6385-40D0-AB68-7B69C9D538A9}', '{E41F30E7-33E6-4DAF-AED6-91F5EFD457F3}', 'News', 0, 0, 0, 0, 0, 'Some projects are to be done                            Contests are upcoming'),
('{6999FAE2-6385-40D0-AB68-7B69C9D538A9}', '{CEFBC7E6-3E24-41C8-8FFC-F7BE64AC26C3}', 'Notice', 0, 0, 0, 0, 0, 'General meeting-24/04/17'),
('{6999FAE2-6385-40D0-AB68-7B69C9D538A9}', '{44E315C4-051B-415D-9E73-93210BE22469}', 'Achievement', 0, 0, 0, 0, 0, 'Lots of achievement within few times.'),
('{B0E3F1C6-922C-4B0C-BB61-329FC1B134F6}', '{1778955D-26AA-4754-82EF-557A2F1D48BF}', 'Notice', 0, 0, 0, 0, 0, 'asddv dsfsd sdfgbsdadADAX SEFASC'),
('{DDBF943E-25A1-4B6D-9C6E-9F0F89F277EF}', '{CF841F7E-BA3C-401C-979C-63A78F98D40F}', 'a', 0, 0, 0, 0, 0, 'shjda sdgjsa kb kasduh'),
('{CFDB1115-2FB9-4A04-971B-3537BAF44F8F}', '{403B5C7F-1C5F-4F70-85EB-BB562918B1FD}', 'News', 0, 0, 0, 0, 0, 'asdfghjklzzex gycu tyiut fyufitdy fvf  udry yd t tdf rf  dyr fyuvyddi tyt.'),
('{CFDB1115-2FB9-4A04-971B-3537BAF44F8F}', '{6B1AF92E-54AB-4CA5-89FA-9A85C8F19BF2}', 'Achievement', 0, 0, 0, 0, 0, 'Lots of achievement in a sort time'),
('{B0E3F1C6-922C-4B0C-BB61-329FC1B134F6}', '{F2959AA5-072C-4DEC-89D6-D7F973CFF1E8}', 'News', 0, 0, 0, 0, 0, 'Last day there was a competition in KU'),
('{CFDB1115-2FB9-4A04-971B-3537BAF44F8F}', '{DE0C9086-CEA7-4ECD-8B31-873A84AF6FDF}', 'a', 0, 0, 0, 0, 0, 'dfghjk'),
('{CFDB1115-2FB9-4A04-971B-3537BAF44F8F}', '{D72850F5-5BBC-4016-B1DE-38C7C26CB12B}', 'g', 0, 0, 0, 0, 0, 'vgter'),
('{CFDB1115-2FB9-4A04-971B-3537BAF44F8F}', '{29777E7A-81C4-4E9F-A419-76C65947FB53}', 'bgtnfjy', 0, 0, 0, 0, 0, 'mnbh'),
('{CFDB1115-2FB9-4A04-971B-3537BAF44F8F}', '{6A5F473D-248C-46D8-8538-B922C0ED4731}', 'jyujhf', 0, 0, 0, 0, 0, 'hmjt'),
('{CFDB1115-2FB9-4A04-971B-3537BAF44F8F}', '{A6958CD7-FA2B-4DAF-98DA-68E1D21A0B9C}', 'nhfhterhbn', 0, 0, 0, 0, 0, 'nftye'),
('{CFDB1115-2FB9-4A04-971B-3537BAF44F8F}', '{C00BA49C-237D-4D6F-A23A-D50BE6C0A5E6}', 'nfhyuhsdb', 0, 0, 0, 0, 0, 'gdtsrg'),
('{CFDB1115-2FB9-4A04-971B-3537BAF44F8F}', '{F2DA606A-B78C-4C7E-B666-54629DE9CE07}', 'Other', 0, 0, 0, 0, 0, 'gdgdrn6z'),
('{B0E3F1C6-922C-4B0C-BB61-329FC1B134F6}', '{E90EB48F-20DA-4028-8D90-8E73AE7C9334}', '1', 0, 0, 0, 0, 0, 'a'),
('{B0E3F1C6-922C-4B0C-BB61-329FC1B134F6}', '{1546A538-311A-4FCC-8229-A84EDF40BF75}', '2', 0, 0, 0, 0, 0, 'b'),
('{B0E3F1C6-922C-4B0C-BB61-329FC1B134F6}', '{CEB8256D-E0AE-4388-A43F-FB8C8BC406C1}', '3', 0, 0, 0, 0, 0, 'c'),
('{B0E3F1C6-922C-4B0C-BB61-329FC1B134F6}', '{3EDFCA6E-0F22-4432-A936-D62EA8ED2EAC}', '4', 0, 0, 0, 0, 0, 'd');

-- --------------------------------------------------------

--
-- Table structure for table `tbl_course`
--

CREATE TABLE IF NOT EXISTS `tbl_course` (
  `ID` varchar(40) NOT NULL,
  `CourseNo` varchar(40) NOT NULL,
  `Title` varchar(100) NOT NULL,
  `Credit` double NOT NULL,
  `CourseTypeID` varchar(40) NOT NULL,
  `DisciplineID` varchar(40) NOT NULL,
  `IsDeleted` tinyint(1) NOT NULL,
  PRIMARY KEY (`ID`)
) ENGINE=InnoDB DEFAULT CHARSET=latin1;

-- --------------------------------------------------------

--
-- Table structure for table `tbl_course_marks_attendance`
--

CREATE TABLE IF NOT EXISTS `tbl_course_marks_attendance` (
  `CourseID` varchar(40) NOT NULL,
  `TeacherID` varchar(40) NOT NULL,
  `SessionID` varchar(40) NOT NULL,
  `TermID` varchar(40) NOT NULL,
  `StudentID` varchar(40) NOT NULL,
  `ClassDate` date NOT NULL,
  `IsPresent` tinyint(1) NOT NULL,
  `UseFace` tinyint(1) NOT NULL,
  `UseFinger` tinyint(1) NOT NULL,
  `UseSheet` tinyint(1) NOT NULL
) ENGINE=InnoDB DEFAULT CHARSET=latin1;

-- --------------------------------------------------------

--
-- Table structure for table `tbl_course_marks_attendance_publish`
--

CREATE TABLE IF NOT EXISTS `tbl_course_marks_attendance_publish` (
  `CourseID` varchar(40) NOT NULL,
  `SessionID` varchar(40) NOT NULL,
  `TeacherID` varchar(40) NOT NULL,
  `TermID` varchar(40) NOT NULL,
  `StudentID` varchar(40) NOT NULL,
  `TotalAttendance` int(11) NOT NULL,
  `TotalClass` int(11) NOT NULL
) ENGINE=InnoDB DEFAULT CHARSET=latin1;

-- --------------------------------------------------------

--
-- Table structure for table `tbl_course_marks_result`
--

CREATE TABLE IF NOT EXISTS `tbl_course_marks_result` (
  `CourseID` varchar(40) NOT NULL,
  `TeacherID` varchar(40) NOT NULL,
  `SessionID` varchar(40) NOT NULL,
  `TermID` varchar(40) NOT NULL,
  `StudentID` varchar(40) NOT NULL,
  `MarksID` varchar(50) NOT NULL,
  `MarksValue` double NOT NULL
) ENGINE=InnoDB DEFAULT CHARSET=latin1;

-- --------------------------------------------------------

--
-- Table structure for table `tbl_course_marks_result_publish`
--

CREATE TABLE IF NOT EXISTS `tbl_course_marks_result_publish` (
  `CourseID` varchar(40) NOT NULL,
  `TeacherID` varchar(40) NOT NULL,
  `TermID` varchar(40) NOT NULL,
  `SessionID` varchar(40) NOT NULL,
  `StudentID` varchar(40) NOT NULL,
  `MarksTotal` double NOT NULL,
  `MarksGrade` varchar(10) NOT NULL,
  `GPA` double NOT NULL
) ENGINE=InnoDB DEFAULT CHARSET=latin1;

-- --------------------------------------------------------

--
-- Table structure for table `tbl_course_marks_setup`
--

CREATE TABLE IF NOT EXISTS `tbl_course_marks_setup` (
  `CourseID` varchar(40) NOT NULL,
  `TeacherID` varchar(40) NOT NULL,
  `SessionID` varchar(40) NOT NULL,
  `TermID` varchar(40) NOT NULL,
  `MarksID` varchar(50) NOT NULL,
  `MarksHeader` varchar(20) NOT NULL,
  `MarksMax` double NOT NULL
) ENGINE=InnoDB DEFAULT CHARSET=latin1;

-- --------------------------------------------------------

--
-- Table structure for table `tbl_course_resource`
--

CREATE TABLE IF NOT EXISTS `tbl_course_resource` (
  `CourseID` varchar(40) NOT NULL,
  `ResourceID` varchar(40) NOT NULL
) ENGINE=InnoDB DEFAULT CHARSET=latin1;

-- --------------------------------------------------------

--
-- Table structure for table `tbl_course_sessional_type`
--

CREATE TABLE IF NOT EXISTS `tbl_course_sessional_type` (
  `ID` varchar(40) NOT NULL,
  `Name` int(11) NOT NULL,
  PRIMARY KEY (`ID`)
) ENGINE=InnoDB DEFAULT CHARSET=latin1;

-- --------------------------------------------------------

--
-- Table structure for table `tbl_course_student_registration`
--

CREATE TABLE IF NOT EXISTS `tbl_course_student_registration` (
  `StudentID` varchar(40) NOT NULL,
  `TermID` varchar(40) NOT NULL,
  `CourseID` varchar(40) NOT NULL,
  `SessionID` varchar(40) NOT NULL,
  `IsRetake` tinyint(1) NOT NULL,
  `IsApproved` tinyint(1) NOT NULL,
  `IsDeleted` tinyint(1) NOT NULL
) ENGINE=InnoDB DEFAULT CHARSET=latin1;

-- --------------------------------------------------------

--
-- Table structure for table `tbl_course_teacher`
--

CREATE TABLE IF NOT EXISTS `tbl_course_teacher` (
  `CourseID` varchar(40) NOT NULL,
  `TeacherID` varchar(40) NOT NULL,
  `SessionID` varchar(40) NOT NULL,
  `TermID` varchar(40) NOT NULL
) ENGINE=InnoDB DEFAULT CHARSET=latin1;

-- --------------------------------------------------------

--
-- Table structure for table `tbl_course_teacher_registration`
--

CREATE TABLE IF NOT EXISTS `tbl_course_teacher_registration` (
  `TeacherID` varchar(40) NOT NULL,
  `SessionID` varchar(40) NOT NULL,
  `TermID` varchar(40) NOT NULL
) ENGINE=InnoDB DEFAULT CHARSET=latin1;

-- --------------------------------------------------------

--
-- Table structure for table `tbl_course_type`
--

CREATE TABLE IF NOT EXISTS `tbl_course_type` (
  `ID` varchar(40) NOT NULL,
  `Name` varchar(30) NOT NULL,
  `SessionalTypeID` varchar(40) NOT NULL,
  PRIMARY KEY (`ID`)
) ENGINE=InnoDB DEFAULT CHARSET=latin1;

-- --------------------------------------------------------

--
-- Table structure for table `tbl_discipline`
--

CREATE TABLE IF NOT EXISTS `tbl_discipline` (
  `ID` varchar(40) NOT NULL,
  `Name` varchar(50) NOT NULL,
  `SchoolID` varchar(40) NOT NULL,
  PRIMARY KEY (`ID`)
) ENGINE=InnoDB DEFAULT CHARSET=latin1;

--
-- Dumping data for table `tbl_discipline`
--

INSERT INTO `tbl_discipline` (`ID`, `Name`, `SchoolID`) VALUES
('{0CF37516-06FE-41CD-93AD-D2D1652509D6}', 'Mathematics', ''),
('{560A0FC0-6221-497D-8D41-E584EE4BBEE3}', 'Architecture', ''),
('{63F3C00B-6168-4FBD-AB01-7A1FE413BDDE}', 'Statistics', ''),
('{AF41CC9F-3BCD-4952-9D02-17184CC40C79}', 'Urban and Rural Planning', ''),
('{B34A0580-0B92-49BD-84FB-929297B104C5}', 'Electrical and Communication Engineering', ''),
('{E03C2DC3-CAF3-477E-A851-0C11DF93FD3B}', 'Chemistry', ''),
('{E7280448-E379-424E-A11D-357F4334AC8D}', 'Physics', ''),
('{FFDB1CB8-AF34-4381-8971-9784DCB516C5}', 'Computer Science and Engineering', '');

-- --------------------------------------------------------

--
-- Table structure for table `tbl_discipline_resource`
--

CREATE TABLE IF NOT EXISTS `tbl_discipline_resource` (
  `DisciplineID` varchar(40) NOT NULL,
  `ResourceID` varchar(40) NOT NULL
) ENGINE=InnoDB DEFAULT CHARSET=latin1;

-- --------------------------------------------------------

--
-- Table structure for table `tbl_discussion`
--

CREATE TABLE IF NOT EXISTS `tbl_discussion` (
  `ID` varchar(40) NOT NULL,
  `Title` varchar(150) NOT NULL,
  `CategoryID` varchar(40) NOT NULL,
  `Description` varchar(300) NOT NULL,
  `Tag` varchar(200) NOT NULL,
  `CreationDate` date NOT NULL,
  `CreatorID` varchar(40) NOT NULL,
  PRIMARY KEY (`ID`)
) ENGINE=InnoDB DEFAULT CHARSET=latin1;

-- --------------------------------------------------------

--
-- Table structure for table `tbl_discussion_category`
--

CREATE TABLE IF NOT EXISTS `tbl_discussion_category` (
  `ID` varchar(40) NOT NULL,
  `Name` varchar(40) NOT NULL,
  PRIMARY KEY (`ID`)
) ENGINE=InnoDB DEFAULT CHARSET=latin1;

-- --------------------------------------------------------

--
-- Table structure for table `tbl_discussion_comment`
--

CREATE TABLE IF NOT EXISTS `tbl_discussion_comment` (
  `CommentID` varchar(50) NOT NULL,
  `DiscussionID` varchar(40) NOT NULL,
  `Comment` varchar(300) NOT NULL,
  `CreatorID` varchar(40) NOT NULL,
  `CommentIDTop` varchar(50) NOT NULL,
  PRIMARY KEY (`CommentID`)
) ENGINE=InnoDB DEFAULT CHARSET=latin1;

-- --------------------------------------------------------

--
-- Table structure for table `tbl_file`
--

CREATE TABLE IF NOT EXISTS `tbl_file` (
  `ID` varchar(50) NOT NULL,
  `CreatorID` varchar(40) NOT NULL,
  `Name` varchar(50) NOT NULL,
  `Link` varchar(150) NOT NULL,
  `DisciplineID` varchar(40) NOT NULL,
  PRIMARY KEY (`ID`)
) ENGINE=InnoDB DEFAULT CHARSET=latin1;

-- --------------------------------------------------------

--
-- Table structure for table `tbl_file_assign`
--

CREATE TABLE IF NOT EXISTS `tbl_file_assign` (
  `FileID` varchar(50) NOT NULL,
  `FileComment` varchar(300) NOT NULL,
  `IsApproved` tinyint(1) NOT NULL,
  `IsRejected` tinyint(1) NOT NULL,
  `CurrentUserID` varchar(40) NOT NULL,
  `IsPending` tinyint(1) NOT NULL,
  `HasSeen` tinyint(1) NOT NULL,
  `CreationDate` date NOT NULL,
  `ApproveDate` date NOT NULL,
  `AssignDate` date NOT NULL
) ENGINE=InnoDB DEFAULT CHARSET=latin1;

-- --------------------------------------------------------

--
-- Table structure for table `tbl_marks_grade`
--

CREATE TABLE IF NOT EXISTS `tbl_marks_grade` (
  `MarksMin` double NOT NULL,
  `MarksMax` double NOT NULL,
  `MarksGrade` varchar(10) NOT NULL,
  `GPA` double NOT NULL
) ENGINE=InnoDB DEFAULT CHARSET=latin1;

-- --------------------------------------------------------

--
-- Table structure for table `tbl_permission`
--

CREATE TABLE IF NOT EXISTS `tbl_permission` (
  `ID` varchar(100) NOT NULL,
  `Name` varchar(100) NOT NULL,
  `Category` varchar(100) NOT NULL,
  PRIMARY KEY (`ID`)
) ENGINE=InnoDB DEFAULT CHARSET=latin1;

--
-- Dumping data for table `tbl_permission`
--

INSERT INTO `tbl_permission` (`ID`, `Name`, `Category`) VALUES
('CLUB_C', 'CLUB_C', 'CLUB'),
('CLUB_D', 'CLUB_D', 'CLUB'),
('CLUB_R', 'CLUB_R', 'CLUB'),
('CLUB_U', 'CLUB_U', 'CLUB'),
('COURSE_C', 'COURSE_C', 'COURSE'),
('COURSE_D', 'COURSE_D', 'COURSE'),
('COURSE_R', 'COURSE_R', 'COURSE'),
('COURSE_U', 'COURSE_U', 'COURSE'),
('DISCIPLINE_C', 'DISCIPLINE_C', 'DISCIPLINE'),
('DISCIPLINE_D', 'DISCIPLINE_D', 'DISCIPLINE'),
('DISCIPLINE_R', 'DISCIPLINE_R', 'DISCIPLINE'),
('DISCIPLINE_U', 'DISCIPLINE_U', 'DISCIPLINE'),
('FILE_C', 'FILE_C', 'FILE'),
('FILE_D', 'FILE_D', 'FILE'),
('FILE_R', 'FILE_R', 'FILE'),
('FILE_U', 'FILE_U', 'FILE'),
('POSITION_C', 'POSITION_C', 'POSITION'),
('POSITION_D', 'POSITION_D', 'POSITION'),
('POSITION_R', 'POSITION_R', 'POSITION'),
('POSITION_U', 'POSITION_U', 'POSITION'),
('PROJECT_C', 'PROJECT_C', 'PROJECT'),
('PROJECT_D', 'PROJECT_D', 'PROJECT'),
('PROJECT_R', 'PROJECT_R', 'PROJECT'),
('PROJECT_U', 'PROJECT_U', 'PROJECT'),
('ROLE_C', 'ROLE_C', 'ROLE'),
('ROLE_D', 'ROLE_D', 'ROLE'),
('ROLE_R', 'ROLE_R', 'ROLE'),
('ROLE_U', 'ROLE_U', 'ROLE'),
('SCHOOL_C', 'SCHOOL_C', 'SCHOOL'),
('SCHOOL_D', 'SCHOOL_D', 'SCHOOL'),
('SCHOOL_R', 'SCHOOL_R', 'SCHOOL'),
('SCHOOL_U', 'SCHOOL_U', 'SCHOOL'),
('SESSION_C', 'SESSION_C', 'SESSION'),
('SESSION_D', 'SESSION_D', 'SESSION'),
('SESSION_R', 'SESSION_R', 'SESSION'),
('SESSION_U', 'SESSION_U', 'SESSION'),
('SURVEY_C', 'SURVEY_C', 'SURVEY'),
('SURVEY_D', 'SURVEY_D', 'SURVEY'),
('SURVEY_R', 'SURVEY_R', 'SURVEY'),
('SURVEY_U', 'SURVEY_U', 'SURVEY'),
('TERM_C', 'TERM_C', 'TERM'),
('TERM_D', 'TERM_D', 'TERM'),
('TERM_R', 'TERM_R', 'TERM'),
('TERM_U', 'TERM_U', 'TERM'),
('USER_C', 'USER_C', 'USER'),
('USER_D', 'USER_D', 'USER'),
('USER_R', 'USER_R', 'USER'),
('USER_U', 'USER_U', 'USER'),
('YEAR_C', 'YEAR_C', 'YEAR'),
('YEAR_D', 'YEAR_D', 'YEAR'),
('YEAR_R', 'YEAR_R', 'YEAR'),
('YEAR_U', 'YEAR_U', 'YEAR');

-- --------------------------------------------------------

--
-- Table structure for table `tbl_position`
--

CREATE TABLE IF NOT EXISTS `tbl_position` (
  `ID` varchar(40) NOT NULL,
  `Name` varchar(50) NOT NULL,
  PRIMARY KEY (`ID`)
) ENGINE=InnoDB DEFAULT CHARSET=latin1;

--
-- Dumping data for table `tbl_position`
--

INSERT INTO `tbl_position` (`ID`, `Name`) VALUES
('{1BFE76DB-C2AA-4FAA-A23B-F43E6150A2F6}', 'Section Officer'),
('{2E024DF5-BD45-4EF2-A5E3-43BCA3E9777F}', 'Pro-vice Chancellor'),
('{64D25DDA-16B6-47B8-BBFC-4E2AAF5680C7}', 'Assistant Professor'),
('{7CDA1F32-A2F8-4469-B5A8-C2038FCE1F9A}', 'Lecturer'),
('{818DE12F-60CC-42E4-BAEC-48EAAED65179}', 'Dean of School'),
('{928EE9FF-E02D-470F-9A6A-AD0EB38B848F}', 'Vice Chancellor'),
('{92FDDA3F-1E91-4AA3-918F-EB595F85790C}', 'Daywise Worker'),
('{932CB0EE-76C2-448E-A40E-2D167EECC479}', 'Registrar'),
('{ADA027D3-21C1-47AF-A21D-759CAFCFE58D}', 'Assistant Registrar'),
('{B76EB035-EA26-4CEB-B029-1C6129574D98}', 'Librarian'),
('{B78C7A7B-4D38-4025-8170-7B8C9F291946}', 'Head of Discipline'),
('{C27B6BCF-FB83-4F3D-85CA-B7870D8B12D0}', 'Associate Professor'),
('{EB4880E2-01B3-4C6E-A2C9-89B6E5427C0A}', 'Professor');

-- --------------------------------------------------------

--
-- Table structure for table `tbl_project`
--

CREATE TABLE IF NOT EXISTS `tbl_project` (
  `ID` varchar(40) NOT NULL,
  `Title` varchar(100) NOT NULL,
  `Description` varchar(200) NOT NULL,
  `Link` varchar(200) NOT NULL,
  `Tag` varchar(200) NOT NULL,
  `CourseID` varchar(40) NOT NULL,
  `TermID` varchar(40) NOT NULL,
  `SessionID` varchar(40) NOT NULL,
  `CreationDate` date NOT NULL,
  `ProjectDate` date NOT NULL,
  PRIMARY KEY (`ID`)
) ENGINE=InnoDB DEFAULT CHARSET=latin1;

-- --------------------------------------------------------

--
-- Table structure for table `tbl_project_student`
--

CREATE TABLE IF NOT EXISTS `tbl_project_student` (
  `ProjectID` varchar(40) NOT NULL,
  `StudentID` varchar(40) NOT NULL
) ENGINE=InnoDB DEFAULT CHARSET=latin1;

-- --------------------------------------------------------

--
-- Table structure for table `tbl_question_archive`
--

CREATE TABLE IF NOT EXISTS `tbl_question_archive` (
  `ID` varchar(40) NOT NULL,
  `Title` varchar(50) NOT NULL,
  `CourseID` varchar(40) NOT NULL,
  `TermID` varchar(40) NOT NULL,
  `SessionID` varchar(40) NOT NULL,
  `TeacherID` varchar(40) NOT NULL,
  `Type` varchar(20) NOT NULL,
  `Tag` varchar(200) NOT NULL,
  `QuestionDate` date NOT NULL
) ENGINE=InnoDB DEFAULT CHARSET=latin1;

-- --------------------------------------------------------

--
-- Table structure for table `tbl_registration_session`
--

CREATE TABLE IF NOT EXISTS `tbl_registration_session` (
  `ID` varchar(40) NOT NULL,
  `Name` varchar(30) NOT NULL
) ENGINE=InnoDB DEFAULT CHARSET=latin1;

-- --------------------------------------------------------

--
-- Table structure for table `tbl_resource`
--

CREATE TABLE IF NOT EXISTS `tbl_resource` (
  `ID` varchar(40) NOT NULL,
  `Name` varchar(40) NOT NULL,
  `Type` varchar(40) NOT NULL,
  PRIMARY KEY (`ID`)
) ENGINE=InnoDB DEFAULT CHARSET=latin1;

-- --------------------------------------------------------

--
-- Table structure for table `tbl_role`
--

CREATE TABLE IF NOT EXISTS `tbl_role` (
  `ID` varchar(40) NOT NULL,
  `Name` varchar(50) NOT NULL,
  PRIMARY KEY (`ID`)
) ENGINE=InnoDB DEFAULT CHARSET=latin1;

--
-- Dumping data for table `tbl_role`
--

INSERT INTO `tbl_role` (`ID`, `Name`) VALUES
('{1AF8A832-4C03-49C7-8071-C71D4EB4FC57}', 'Staff'),
('{3477F777-3F53-408B-9773-249C5937C2B8}', 'Teacher'),
('{9CC63B6A-99BD-4710-B675-9881B5F7337A}', 'Student'),
('{F9C458F2-5298-441F-AE63-7514029760C4}', 'Admin');

-- --------------------------------------------------------

--
-- Table structure for table `tbl_role_permission`
--

CREATE TABLE IF NOT EXISTS `tbl_role_permission` (
  `Row` int(11) NOT NULL AUTO_INCREMENT,
  `RoleID` varchar(40) NOT NULL,
  `PermissionID` varchar(100) NOT NULL,
  PRIMARY KEY (`Row`)
) ENGINE=InnoDB  DEFAULT CHARSET=latin1 AUTO_INCREMENT=616 ;

--
-- Dumping data for table `tbl_role_permission`
--

INSERT INTO `tbl_role_permission` (`Row`, `RoleID`, `PermissionID`) VALUES
(225, '{3477F777-3F53-408B-9773-249C5937C2B8}', 'COURSE_C'),
(226, '{3477F777-3F53-408B-9773-249C5937C2B8}', 'COURSE_D'),
(227, '{3477F777-3F53-408B-9773-249C5937C2B8}', 'FILE_C'),
(228, '{3477F777-3F53-408B-9773-249C5937C2B8}', 'FILE_D'),
(229, '{3477F777-3F53-408B-9773-249C5937C2B8}', 'FILE_R'),
(230, '{3477F777-3F53-408B-9773-249C5937C2B8}', 'FILE_U'),
(231, '{3477F777-3F53-408B-9773-249C5937C2B8}', 'POSITION_C'),
(232, '{3477F777-3F53-408B-9773-249C5937C2B8}', 'POSITION_D'),
(233, '{3477F777-3F53-408B-9773-249C5937C2B8}', 'POSITION_R'),
(234, '{3477F777-3F53-408B-9773-249C5937C2B8}', 'POSITION_U'),
(441, '{1AF8A832-4C03-49C7-8071-C71D4EB4FC57}', 'FILE_C'),
(442, '{1AF8A832-4C03-49C7-8071-C71D4EB4FC57}', 'FILE_D'),
(443, '{1AF8A832-4C03-49C7-8071-C71D4EB4FC57}', 'SURVEY_U'),
(444, '{1AF8A832-4C03-49C7-8071-C71D4EB4FC57}', 'TERM_U'),
(557, '{9CC63B6A-99BD-4710-B675-9881B5F7337A}', 'CLUB_D'),
(558, '{9CC63B6A-99BD-4710-B675-9881B5F7337A}', 'CLUB_R'),
(559, '{9CC63B6A-99BD-4710-B675-9881B5F7337A}', 'COURSE_D'),
(560, '{9CC63B6A-99BD-4710-B675-9881B5F7337A}', 'PROJECT_C'),
(561, '{9CC63B6A-99BD-4710-B675-9881B5F7337A}', 'PROJECT_D'),
(562, '{9CC63B6A-99BD-4710-B675-9881B5F7337A}', 'PROJECT_R'),
(563, '{9CC63B6A-99BD-4710-B675-9881B5F7337A}', 'PROJECT_U'),
(564, '{F9C458F2-5298-441F-AE63-7514029760C4}', 'CLUB_C'),
(565, '{F9C458F2-5298-441F-AE63-7514029760C4}', 'CLUB_D'),
(566, '{F9C458F2-5298-441F-AE63-7514029760C4}', 'CLUB_R'),
(567, '{F9C458F2-5298-441F-AE63-7514029760C4}', 'CLUB_U'),
(568, '{F9C458F2-5298-441F-AE63-7514029760C4}', 'COURSE_C'),
(569, '{F9C458F2-5298-441F-AE63-7514029760C4}', 'COURSE_D'),
(570, '{F9C458F2-5298-441F-AE63-7514029760C4}', 'COURSE_R'),
(571, '{F9C458F2-5298-441F-AE63-7514029760C4}', 'COURSE_U'),
(572, '{F9C458F2-5298-441F-AE63-7514029760C4}', 'DISCIPLINE_C'),
(573, '{F9C458F2-5298-441F-AE63-7514029760C4}', 'DISCIPLINE_D'),
(574, '{F9C458F2-5298-441F-AE63-7514029760C4}', 'DISCIPLINE_R'),
(575, '{F9C458F2-5298-441F-AE63-7514029760C4}', 'DISCIPLINE_U'),
(576, '{F9C458F2-5298-441F-AE63-7514029760C4}', 'FILE_C'),
(577, '{F9C458F2-5298-441F-AE63-7514029760C4}', 'FILE_D'),
(578, '{F9C458F2-5298-441F-AE63-7514029760C4}', 'FILE_R'),
(579, '{F9C458F2-5298-441F-AE63-7514029760C4}', 'FILE_U'),
(580, '{F9C458F2-5298-441F-AE63-7514029760C4}', 'POSITION_C'),
(581, '{F9C458F2-5298-441F-AE63-7514029760C4}', 'POSITION_D'),
(582, '{F9C458F2-5298-441F-AE63-7514029760C4}', 'POSITION_R'),
(583, '{F9C458F2-5298-441F-AE63-7514029760C4}', 'POSITION_U'),
(584, '{F9C458F2-5298-441F-AE63-7514029760C4}', 'PROJECT_C'),
(585, '{F9C458F2-5298-441F-AE63-7514029760C4}', 'PROJECT_D'),
(586, '{F9C458F2-5298-441F-AE63-7514029760C4}', 'PROJECT_R'),
(587, '{F9C458F2-5298-441F-AE63-7514029760C4}', 'PROJECT_U'),
(588, '{F9C458F2-5298-441F-AE63-7514029760C4}', 'ROLE_C'),
(589, '{F9C458F2-5298-441F-AE63-7514029760C4}', 'ROLE_D'),
(590, '{F9C458F2-5298-441F-AE63-7514029760C4}', 'ROLE_R'),
(591, '{F9C458F2-5298-441F-AE63-7514029760C4}', 'ROLE_U'),
(592, '{F9C458F2-5298-441F-AE63-7514029760C4}', 'SCHOOL_C'),
(593, '{F9C458F2-5298-441F-AE63-7514029760C4}', 'SCHOOL_D'),
(594, '{F9C458F2-5298-441F-AE63-7514029760C4}', 'SCHOOL_R'),
(595, '{F9C458F2-5298-441F-AE63-7514029760C4}', 'SCHOOL_U'),
(596, '{F9C458F2-5298-441F-AE63-7514029760C4}', 'SESSION_C'),
(597, '{F9C458F2-5298-441F-AE63-7514029760C4}', 'SESSION_D'),
(598, '{F9C458F2-5298-441F-AE63-7514029760C4}', 'SESSION_R'),
(599, '{F9C458F2-5298-441F-AE63-7514029760C4}', 'SESSION_U'),
(600, '{F9C458F2-5298-441F-AE63-7514029760C4}', 'SURVEY_C'),
(601, '{F9C458F2-5298-441F-AE63-7514029760C4}', 'SURVEY_D'),
(602, '{F9C458F2-5298-441F-AE63-7514029760C4}', 'SURVEY_R'),
(603, '{F9C458F2-5298-441F-AE63-7514029760C4}', 'SURVEY_U'),
(604, '{F9C458F2-5298-441F-AE63-7514029760C4}', 'TERM_C'),
(605, '{F9C458F2-5298-441F-AE63-7514029760C4}', 'TERM_D'),
(606, '{F9C458F2-5298-441F-AE63-7514029760C4}', 'TERM_R'),
(607, '{F9C458F2-5298-441F-AE63-7514029760C4}', 'TERM_U'),
(608, '{F9C458F2-5298-441F-AE63-7514029760C4}', 'USER_C'),
(609, '{F9C458F2-5298-441F-AE63-7514029760C4}', 'USER_D'),
(610, '{F9C458F2-5298-441F-AE63-7514029760C4}', 'USER_R'),
(611, '{F9C458F2-5298-441F-AE63-7514029760C4}', 'USER_U'),
(612, '{F9C458F2-5298-441F-AE63-7514029760C4}', 'YEAR_C'),
(613, '{F9C458F2-5298-441F-AE63-7514029760C4}', 'YEAR_D'),
(614, '{F9C458F2-5298-441F-AE63-7514029760C4}', 'YEAR_R'),
(615, '{F9C458F2-5298-441F-AE63-7514029760C4}', 'YEAR_U');

-- --------------------------------------------------------

--
-- Table structure for table `tbl_routine`
--

CREATE TABLE IF NOT EXISTS `tbl_routine` (
  `DayID` varchar(40) NOT NULL,
  `TimeID` varchar(40) NOT NULL,
  `CourseID` varchar(40) NOT NULL,
  `TermID` varchar(40) NOT NULL,
  `SlotNo` int(11) NOT NULL,
  `TeacherID` varchar(40) NOT NULL
) ENGINE=InnoDB DEFAULT CHARSET=latin1;

-- --------------------------------------------------------

--
-- Table structure for table `tbl_routine_day`
--

CREATE TABLE IF NOT EXISTS `tbl_routine_day` (
  `ID` varchar(40) NOT NULL
) ENGINE=InnoDB DEFAULT CHARSET=latin1;

-- --------------------------------------------------------

--
-- Table structure for table `tbl_routine_time`
--

CREATE TABLE IF NOT EXISTS `tbl_routine_time` (
  `ID` varchar(40) NOT NULL,
  `Name` varchar(40) NOT NULL
) ENGINE=InnoDB DEFAULT CHARSET=latin1;

-- --------------------------------------------------------

--
-- Table structure for table `tbl_school`
--

CREATE TABLE IF NOT EXISTS `tbl_school` (
  `ID` varchar(40) NOT NULL,
  `Name` varchar(50) NOT NULL,
  `DeanID` varchar(40) NOT NULL
) ENGINE=InnoDB DEFAULT CHARSET=latin1;

--
-- Dumping data for table `tbl_school`
--

INSERT INTO `tbl_school` (`ID`, `Name`, `DeanID`) VALUES
('{39DDC0C2-CFC2-4246-8748-8812B1751A5C}', 'Science Engineering and Technology', ''),
('{4D46079B-AFA3-40F1-B8D1-6CC9E9F56812}', 'Life Science', ''),
('{86E0F021-B30D-48D2-B177-247180633C5E}', 'Social Science', ''),
('{879375F7-0A15-4705-AC90-C6786D279EF1}', 'Law and Humanities', ''),
('{CE09AA38-205B-4F50-A0E0-14DB8686C912}', 'Fine Arts', '');

-- --------------------------------------------------------

--
-- Table structure for table `tbl_survey`
--

CREATE TABLE IF NOT EXISTS `tbl_survey` (
  `ID` varchar(40) NOT NULL,
  `Title` varchar(100) NOT NULL,
  `Description` varchar(300) NOT NULL,
  `Link` varchar(100) NOT NULL,
  `TotalQuestions` int(11) NOT NULL,
  `CreatorID` varchar(40) NOT NULL,
  `CreationDate` date NOT NULL,
  `CompletionDate` date NOT NULL,
  PRIMARY KEY (`ID`)
) ENGINE=InnoDB DEFAULT CHARSET=latin1;

-- --------------------------------------------------------

--
-- Table structure for table `tbl_survey_question`
--

CREATE TABLE IF NOT EXISTS `tbl_survey_question` (
  `ID` varchar(40) NOT NULL,
  `SurveyID` varchar(40) NOT NULL,
  `QuestionNo` int(11) NOT NULL,
  `QuestionType` varchar(20) NOT NULL,
  `IsVisible` tinyint(1) NOT NULL,
  `IsRequired` tinyint(1) NOT NULL,
  `QuestionValue` varchar(300) NOT NULL
) ENGINE=InnoDB DEFAULT CHARSET=latin1;

-- --------------------------------------------------------

--
-- Table structure for table `tbl_survey_question_filled`
--

CREATE TABLE IF NOT EXISTS `tbl_survey_question_filled` (
  `ID` int(11) NOT NULL AUTO_INCREMENT,
  `SurveyID` varchar(40) NOT NULL,
  `QuestionID` varchar(40) NOT NULL,
  `FilledValue` varchar(200) NOT NULL,
  `FilledUserID` varchar(40) NOT NULL,
  `FilledTime` date NOT NULL,
  PRIMARY KEY (`ID`)
) ENGINE=InnoDB DEFAULT CHARSET=latin1 AUTO_INCREMENT=1 ;

-- --------------------------------------------------------

--
-- Table structure for table `tbl_survey_question_type`
--

CREATE TABLE IF NOT EXISTS `tbl_survey_question_type` (
  `ID` varchar(40) NOT NULL,
  `Type` varchar(20) NOT NULL,
  PRIMARY KEY (`ID`)
) ENGINE=InnoDB DEFAULT CHARSET=latin1;

--
-- Dumping data for table `tbl_survey_question_type`
--

INSERT INTO `tbl_survey_question_type` (`ID`, `Type`) VALUES
('ques_dropdown', 'Dropdown'),
('ques_radio', 'Radio'),
('ques_textInput', 'Text Input');

-- --------------------------------------------------------

--
-- Table structure for table `tbl_term`
--

CREATE TABLE IF NOT EXISTS `tbl_term` (
  `ID` varchar(40) NOT NULL,
  `Name` varchar(20) NOT NULL,
  PRIMARY KEY (`ID`)
) ENGINE=InnoDB DEFAULT CHARSET=latin1;

--
-- Dumping data for table `tbl_term`
--

INSERT INTO `tbl_term` (`ID`, `Name`) VALUES
('{19B15CDF-264C-4924-8608-258673BCC448}', 'B.Sc 8th'),
('{22EDE2D2-D36C-4160-9D2A-80184B8AD35B}', 'B.Sc 1st'),
('{298E9628-8DE2-4742-8F93-0491C01BB152}', 'M.Sc 1st'),
('{9C84629E-11FA-4459-A593-C9AD9CF0D3F2}', 'B.Sc 4th'),
('{9D35C1A5-8091-47BE-AF7E-160C95789EC3}', 'B.Sc 7th'),
('{B8541009-29AC-4988-B17B-91CA3E1E27E3}', 'B.Sc 5th'),
('{C0C2FBD3-75DB-4A6F-BB2A-3F131027A744}', 'B.Sc 6th'),
('{E2D0D30D-654E-4157-8F71-527023AFAB2F}', 'B.Sc 3rd'),
('{F3C92204-C532-4544-9729-858EFBED98A1}', 'M.Sc 3rd'),
('{F78D6E1A-8B11-46D3-A88A-BD6D8DA4532B}', 'M.Sc 2nd'),
('{F9121C67-1E89-4F0B-80AA-89FD3B6BD665}', 'B.Sc 2nd');

-- --------------------------------------------------------

--
-- Table structure for table `tbl_user`
--

CREATE TABLE IF NOT EXISTS `tbl_user` (
  `ID` varchar(40) NOT NULL,
  `UniversityID` varchar(20) NOT NULL,
  `Email` varchar(50) NOT NULL,
  `Password` varchar(20) NOT NULL,
  `FirstName` varchar(50) NOT NULL,
  `LastName` varchar(50) NOT NULL,
  `IsArchived` tinyint(1) NOT NULL,
  `IsDeleted` tinyint(1) NOT NULL,
  PRIMARY KEY (`ID`)
) ENGINE=InnoDB DEFAULT CHARSET=latin1;

--
-- Dumping data for table `tbl_user`
--

INSERT INTO `tbl_user` (`ID`, `UniversityID`, `Email`, `Password`, `FirstName`, `LastName`, `IsArchived`, `IsDeleted`) VALUES
('{0B2F4F89-2048-4504-AB17-0412CC624A05}', '020215', 'mohidul@gmail.com', 'test', 'SM Mohidul', 'Islam          ', 0, 0),
('{6022C75F-2BE2-4A3D-9AEF-99A351124930}', '140222', 'sumit@gmail.com', 'test', 'Sumit', 'Saha', 0, 0),
('{8104FB4F-8E63-489D-8D90-DB45A9A2327B}', '020203', 'zahid@gmail.com', 'test', 'Md. Zahid', 'Islam     ', 0, 0),
('{8B24B76D-9969-4F71-ABC4-6EE59355C686}', '020229', 'mkazi078@uottawa.ca', 'test', 'Kazi Masudul', 'Alam           ', 0, 0),
('{9E2E6363-A0FF-4C0F-B58F-D162725FB702}', '020216', 'alamgir@gmail.com', 'test', 'Sk Alamgir', 'Hossain   ', 0, 0),
('{A4F96981-F014-46F6-BB93-87500C3CBB03}', '020208', 'aakth072@uottawa.ca', 'test', 'Aysha', 'Akther     ', 0, 0),
('{B51D020E-1BB9-4FA3-86BF-C32949367885}', '040212', 'saikat@gmail.com', 'test', 'Saikat', 'Mondal  ', 0, 0),
('{E0F0AE1A-AECF-46C1-A148-4485036F3CCF}', 'e020202', 'rafiq@gmail.com', 'test', 'Md. Rafiqul', 'Islam ', 0, 0),
('{EC675CB7-2551-4062-A79E-0EF15481D38A}', 'test new!', 'test@gmail.com', 'test', 'test', 'test ', 0, 1);

-- --------------------------------------------------------

--
-- Table structure for table `tbl_user_discipline`
--

CREATE TABLE IF NOT EXISTS `tbl_user_discipline` (
  `UserID` varchar(40) NOT NULL,
  `DisciplineID` varchar(40) NOT NULL
) ENGINE=InnoDB DEFAULT CHARSET=latin1;

-- --------------------------------------------------------

--
-- Table structure for table `tbl_user_position`
--

CREATE TABLE IF NOT EXISTS `tbl_user_position` (
  `ID` int(11) NOT NULL AUTO_INCREMENT,
  `UserID` varchar(40) NOT NULL,
  `PositionID` varchar(40) NOT NULL,
  PRIMARY KEY (`ID`)
) ENGINE=InnoDB  DEFAULT CHARSET=latin1 AUTO_INCREMENT=18 ;

--
-- Dumping data for table `tbl_user_position`
--

INSERT INTO `tbl_user_position` (`ID`, `UserID`, `PositionID`) VALUES
(1, '{9E2E6363-A0FF-4C0F-B58F-D162725FB702}', '{C27B6BCF-FB83-4F3D-85CA-B7870D8B12D0}'),
(4, '{693F944F-328D-433A-9F94-459D92841645}', '{EB4880E2-01B3-4C6E-A2C9-89B6E5427C0A}'),
(10, '{8104FB4F-8E63-489D-8D90-DB45A9A2327B}', '{64D25DDA-16B6-47B8-BBFC-4E2AAF5680C7}'),
(11, '{8B24B76D-9969-4F71-ABC4-6EE59355C686}', '{64D25DDA-16B6-47B8-BBFC-4E2AAF5680C7}'),
(13, '{B51D020E-1BB9-4FA3-86BF-C32949367885}', '{64D25DDA-16B6-47B8-BBFC-4E2AAF5680C7}'),
(14, '{E0F0AE1A-AECF-46C1-A148-4485036F3CCF}', '{EB4880E2-01B3-4C6E-A2C9-89B6E5427C0A}'),
(16, '{A4F96981-F014-46F6-BB93-87500C3CBB03}', '{7CDA1F32-A2F8-4469-B5A8-C2038FCE1F9A}'),
(17, '{0B2F4F89-2048-4504-AB17-0412CC624A05}', '{64D25DDA-16B6-47B8-BBFC-4E2AAF5680C7}');

-- --------------------------------------------------------

--
-- Table structure for table `tbl_user_role`
--

CREATE TABLE IF NOT EXISTS `tbl_user_role` (
  `ID` int(11) NOT NULL AUTO_INCREMENT,
  `UserID` varchar(40) NOT NULL,
  `RoleID` varchar(40) NOT NULL,
  PRIMARY KEY (`ID`)
) ENGINE=InnoDB  DEFAULT CHARSET=latin1 AUTO_INCREMENT=51 ;

--
-- Dumping data for table `tbl_user_role`
--

INSERT INTO `tbl_user_role` (`ID`, `UserID`, `RoleID`) VALUES
(40, '{8104FB4F-8E63-489D-8D90-DB45A9A2327B}', '{3477F777-3F53-408B-9773-249C5937C2B8}'),
(41, '{8B24B76D-9969-4F71-ABC4-6EE59355C686}', '{3477F777-3F53-408B-9773-249C5937C2B8}'),
(42, '{8B24B76D-9969-4F71-ABC4-6EE59355C686}', '{F9C458F2-5298-441F-AE63-7514029760C4}'),
(43, '{B51D020E-1BB9-4FA3-86BF-C32949367885}', '{3477F777-3F53-408B-9773-249C5937C2B8}'),
(44, '{E0F0AE1A-AECF-46C1-A148-4485036F3CCF}', '{3477F777-3F53-408B-9773-249C5937C2B8}'),
(47, '{A4F96981-F014-46F6-BB93-87500C3CBB03}', '{3477F777-3F53-408B-9773-249C5937C2B8}'),
(48, '{0B2F4F89-2048-4504-AB17-0412CC624A05}', '{3477F777-3F53-408B-9773-249C5937C2B8}'),
(49, '{0B2F4F89-2048-4504-AB17-0412CC624A05}', '{9CC63B6A-99BD-4710-B675-9881B5F7337A}'),
(50, '{6022C75F-2BE2-4A3D-9AEF-99A351124930}', '{9CC63B6A-99BD-4710-B675-9881B5F7337A}');

-- --------------------------------------------------------

--
-- Table structure for table `tbl_video`
--

CREATE TABLE IF NOT EXISTS `tbl_video` (
  `ID` varchar(40) NOT NULL,
  `Title` varchar(150) NOT NULL,
  `Description` varchar(300) NOT NULL,
  `TagID` varchar(40) NOT NULL,
  `Link` varchar(150) NOT NULL,
  `IsEmbed` tinyint(1) NOT NULL,
  `CreationDate` date NOT NULL,
  `CreatorID` varchar(40) NOT NULL,
  PRIMARY KEY (`ID`)
) ENGINE=InnoDB DEFAULT CHARSET=latin1;

-- --------------------------------------------------------

--
-- Table structure for table `tbl_video_comment`
--

CREATE TABLE IF NOT EXISTS `tbl_video_comment` (
  `CommentID` varchar(40) NOT NULL,
  `Comment` varchar(150) NOT NULL,
  `CreatorID` varchar(40) NOT NULL,
  `VideoID` varchar(40) NOT NULL,
  `CommentIDTop` varchar(40) NOT NULL
) ENGINE=InnoDB DEFAULT CHARSET=latin1;

-- --------------------------------------------------------

--
-- Table structure for table `tbl_video_tag`
--

CREATE TABLE IF NOT EXISTS `tbl_video_tag` (
  `VideoID` varchar(40) NOT NULL,
  `Tag` varchar(20) NOT NULL
) ENGINE=InnoDB DEFAULT CHARSET=latin1;

/*!40101 SET CHARACTER_SET_CLIENT=@OLD_CHARACTER_SET_CLIENT */;
/*!40101 SET CHARACTER_SET_RESULTS=@OLD_CHARACTER_SET_RESULTS */;
/*!40101 SET COLLATION_CONNECTION=@OLD_COLLATION_CONNECTION */;
